network,seed,N,E,k_mean,kin_sd,kin_max,kin_zero,cv2,inout_cov_norm,inout_corr,lam_over_k,reciprocity,clustering
aligned,1,100.0000,400.0000,4.0000,4.8062,37.0000,0.0000,1.4438,1.4438,1.0000,2.0684,0.2550,0.2766
aligned,2,100.0000,400.0000,4.0000,4.8062,37.0000,0.0000,1.4438,1.4438,1.0000,2.0961,0.2200,0.2986
aligned,3,100.0000,400.0000,4.0000,4.8062,37.0000,0.0000,1.4438,1.4438,1.0000,1.9677,0.2050,0.3319
aligned,4,100.0000,400.0000,4.0000,4.8062,37.0000,0.0000,1.4438,1.4438,1.0000,2.0657,0.1950,0.2800
aligned,5,100.0000,400.0000,4.0000,4.8062,37.0000,0.0000,1.4438,1.4438,1.0000,2.0561,0.2450,0.2507
aligned,6,100.0000,400.0000,4.0000,4.8062,37.0000,0.0000,1.4438,1.4438,1.0000,2.0415,0.2100,0.2862
aligned,7,100.0000,400.0000,4.0000,4.8062,37.0000,0.0000,1.4438,1.4438,1.0000,2.0219,0.1950,0.3109
aligned,8,100.0000,400.0000,4.0000,4.8062,37.0000,0.0000,1.4438,1.4438,1.0000,2.0931,0.1950,0.2881
aligned,9,100.0000,400.0000,4.0000,4.8062,37.0000,0.0000,1.4438,1.4438,1.0000,2.0251,0.2200,0.3237
aligned,10,100.0000,400.0000,4.0000,4.8062,37.0000,0.0000,1.4438,1.4438,1.0000,2.0575,0.2300,0.3153
dense,1,100.0000,1200.0000,12.0000,13.8196,99.0000,0.0000,1.3262,-0.1329,-0.1002,0.8521,0.1033,0.5515
dense,2,100.0000,1200.0000,12.0000,13.8196,99.0000,0.0000,1.3262,0.1217,0.0918,1.1522,0.1433,0.5723
dense,3,100.0000,1200.0000,12.0000,13.8196,99.0000,0.0000,1.3262,-0.1168,-0.0881,0.8368,0.0967,0.5647
dense,4,100.0000,1200.0000,12.0000,13.8196,99.0000,0.0000,1.3262,-0.2029,-0.1530,0.7438,0.0783,0.5472
dense,5,100.0000,1200.0000,12.0000,13.8196,99.0000,0.0000,1.3262,0.0813,0.0613,1.0520,0.1450,0.5711
dense,6,100.0000,1200.0000,12.0000,13.8196,99.0000,0.0000,1.3262,-0.1248,-0.0941,0.8405,0.0917,0.5587
dense,7,100.0000,1200.0000,12.0000,13.8196,99.0000,0.0000,1.3262,0.0865,0.0652,1.1028,0.1583,0.5595
dense,8,100.0000,1200.0000,12.0000,13.8196,99.0000,0.0000,1.3262,0.0156,0.0118,1.0063,0.1233,0.5827
dense,9,100.0000,1200.0000,12.0000,13.8196,99.0000,0.0000,1.3262,-0.0732,-0.0552,0.8996,0.1200,0.5630
dense,10,100.0000,1200.0000,12.0000,13.8196,99.0000,0.0000,1.3262,-0.1266,-0.0955,0.8642,0.1017,0.5427
even,1,100.0000,400.0000,4.0000,0.0000,4.0000,0.0000,0.0000,0.0000,nan,1.0000,0.0500,0.0578
even,2,100.0000,400.0000,4.0000,0.0000,4.0000,0.0000,0.0000,0.0000,nan,1.0000,0.0500,0.0670
even,3,100.0000,400.0000,4.0000,0.0000,4.0000,0.0000,0.0000,0.0000,nan,1.0000,0.0300,0.0621
even,4,100.0000,400.0000,4.0000,0.0000,4.0000,0.0000,0.0000,0.0000,nan,1.0000,0.0550,0.0586
even,5,100.0000,400.0000,4.0000,0.0000,4.0000,0.0000,0.0000,0.0000,nan,1.0000,0.0300,0.0588
even,6,100.0000,400.0000,4.0000,0.0000,4.0000,0.0000,0.0000,0.0000,nan,1.0000,0.0250,0.0536
even,7,100.0000,400.0000,4.0000,0.0000,4.0000,0.0000,0.0000,0.0000,nan,1.0000,0.0250,0.0704
even,8,100.0000,400.0000,4.0000,0.0000,4.0000,0.0000,0.0000,0.0000,nan,1.0000,0.0400,0.0709
even,9,100.0000,400.0000,4.0000,0.0000,4.0000,0.0000,0.0000,0.0000,nan,1.0000,0.0350,0.0594
even,10,100.0000,400.0000,4.0000,0.0000,4.0000,0.0000,0.0000,0.0000,nan,1.0000,0.0450,0.0698
layered,1,100.0000,368.0000,3.6800,1.7657,9.0000,0.0200,0.2302,0.0227,0.1020,1.0243,0.0598,0.1191
layered,2,100.0000,415.0000,4.1500,1.9868,10.0000,0.0200,0.2292,0.0266,0.1230,1.0239,0.0530,0.1082
layered,3,100.0000,384.0000,3.8400,1.7873,8.0000,0.0000,0.2166,-0.0248,-0.1107,0.9890,0.0625,0.0882
layered,4,100.0000,382.0000,3.8200,1.9307,9.0000,0.0300,0.2554,-0.0283,-0.1109,0.9660,0.0471,0.0789
layered,5,100.0000,365.0000,3.6500,1.6756,8.0000,0.0200,0.2107,-0.0144,-0.0617,0.9890,0.0384,0.0820
layered,6,100.0000,389.0000,3.8900,1.9126,9.0000,0.0500,0.2417,0.0137,0.0534,1.0126,0.0617,0.0905
layered,7,100.0000,377.0000,3.7700,1.8047,8.0000,0.0100,0.2292,-0.0094,-0.0400,1.0032,0.0424,0.0738
layered,8,100.0000,405.0000,4.0500,1.9410,10.0000,0.0300,0.2297,-0.0014,-0.0059,0.9888,0.0543,0.1073
layered,9,100.0000,417.0000,4.1700,2.0739,12.0000,0.0200,0.2473,0.0323,0.1370,1.0122,0.0624,0.1090
layered,10,100.0000,397.0000,3.9700,2.0369,10.0000,0.0200,0.2633,0.0348,0.1272,1.0097,0.0806,0.1088
opposed,1,100.0000,400.0000,4.0000,4.8062,37.0000,0.0000,1.4438,-0.4150,-0.2874,0.4938,0.0150,0.1672
opposed,2,100.0000,400.0000,4.0000,4.8062,37.0000,0.0000,1.4438,-0.4150,-0.2874,0.6851,0.0150,0.1461
opposed,3,100.0000,400.0000,4.0000,4.8062,37.0000,0.0000,1.4438,-0.4150,-0.2874,0.4833,0.0050,0.1486
opposed,4,100.0000,400.0000,4.0000,4.8062,37.0000,0.0000,1.4438,-0.4150,-0.2874,0.5087,0.0150,0.1623
opposed,5,100.0000,400.0000,4.0000,4.8062,37.0000,0.0000,1.4438,-0.4150,-0.2874,0.5376,0.0150,0.1747
opposed,6,100.0000,400.0000,4.0000,4.8062,37.0000,0.0000,1.4438,-0.4150,-0.2874,0.5014,0.0050,0.1536
opposed,7,100.0000,400.0000,4.0000,4.8062,37.0000,0.0000,1.4438,-0.4150,-0.2874,0.6190,0.0100,0.1472
opposed,8,100.0000,400.0000,4.0000,4.8062,37.0000,0.0000,1.4438,-0.4150,-0.2874,0.5167,0.0050,0.1713
opposed,9,100.0000,400.0000,4.0000,4.8062,37.0000,0.0000,1.4438,-0.4150,-0.2874,0.5773,0.0200,0.1605
opposed,10,100.0000,400.0000,4.0000,4.8062,37.0000,0.0000,1.4438,-0.4150,-0.2874,0.5186,0.0000,0.1619
random,1,100.0000,378.0000,3.7800,1.9109,10.0000,0.0000,0.2556,-0.0405,-0.1852,0.9517,0.0265,0.0690
random,2,100.0000,390.0000,3.9000,1.7059,9.0000,0.0000,0.1913,0.0487,0.2104,1.0425,0.0462,0.0765
random,3,100.0000,403.0000,4.0300,2.0467,9.0000,0.0200,0.2579,0.0036,0.0137,0.9771,0.0347,0.0624
random,4,100.0000,393.0000,3.9300,2.0112,10.0000,0.0100,0.2619,0.0275,0.1166,1.0309,0.0407,0.0749
random,5,100.0000,378.0000,3.7800,1.9778,9.0000,0.0500,0.2738,0.0008,0.0030,1.0038,0.0106,0.0886
random,6,100.0000,388.0000,3.8800,2.0459,11.0000,0.0200,0.2780,-0.0322,-0.1177,0.9693,0.0567,0.0741
random,7,100.0000,366.0000,3.6600,1.7101,8.0000,0.0100,0.2183,-0.0027,-0.0119,0.9933,0.0219,0.0707
random,8,100.0000,422.0000,4.2200,1.8899,10.0000,0.0000,0.2006,-0.0022,-0.0116,0.9982,0.0237,0.0899
random,9,100.0000,372.0000,3.7200,1.8819,8.0000,0.0200,0.2559,0.0652,0.2694,1.0556,0.0430,0.0696
random,10,100.0000,400.0000,4.0000,1.9596,9.0000,0.0200,0.2400,0.0112,0.0471,1.0054,0.0450,0.0675
scalefree,1,100.0000,355.0000,3.5500,3.5704,17.0000,0.0800,1.0115,0.6759,0.7474,1.4708,0.0338,0.2208
scalefree,2,100.0000,375.0000,3.7500,3.6589,17.0000,0.1100,0.9520,0.5225,0.6713,1.4330,0.0320,0.1853
scalefree,3,100.0000,356.0000,3.5600,4.5240,27.0000,0.1200,1.6149,1.0697,0.8013,1.6297,0.0337,0.2821
scalefree,4,100.0000,364.0000,3.6400,5.1527,42.0000,0.0900,2.0039,0.8219,0.7702,1.5582,0.0330,0.2695
scalefree,5,100.0000,375.0000,3.7500,3.4011,21.0000,0.0700,0.8226,0.6526,0.7636,1.4784,0.0320,0.2115
scalefree,6,100.0000,360.0000,3.6000,4.2568,21.0000,0.0900,1.3981,0.8565,0.7358,1.5200,0.0333,0.2558
scalefree,7,100.0000,362.0000,3.6200,4.4850,27.0000,0.0800,1.5350,1.0512,0.8392,1.6614,0.0331,0.2703
scalefree,8,100.0000,365.0000,3.6500,4.0333,22.0000,0.1300,1.2211,0.7527,0.7355,1.5096,0.0329,0.2231
scalefree,9,100.0000,367.0000,3.6700,5.0201,28.0000,0.1500,1.8711,1.0499,0.8131,1.5939,0.0327,0.3206
scalefree,10,100.0000,369.0000,3.6900,3.8851,25.0000,0.1100,1.1085,0.7325,0.7673,1.5269,0.0325,0.2206
smallworld,1,100.0000,400.0000,4.0000,1.7607,8.0000,0.0200,0.1938,-0.1412,-0.8286,0.8764,0.0050,0.4703
smallworld,2,100.0000,400.0000,4.0000,1.5033,9.0000,0.0100,0.1412,-0.1113,-0.8457,0.8989,0.0050,0.4895
smallworld,3,100.0000,400.0000,4.0000,1.5100,7.0000,0.0000,0.1425,-0.0994,-0.7983,0.9103,0.0000,0.4836
smallworld,4,100.0000,400.0000,4.0000,1.4560,8.0000,0.0100,0.1325,-0.0925,-0.7662,0.9059,0.0100,0.4933
smallworld,5,100.0000,400.0000,4.0000,1.6062,8.0000,0.0100,0.1613,-0.1269,-0.8297,0.8711,0.0050,0.4781
smallworld,6,100.0000,400.0000,4.0000,1.7436,8.0000,0.0100,0.1900,-0.1444,-0.8217,0.8588,0.0050,0.4371
smallworld,7,100.0000,400.0000,4.0000,1.5427,8.0000,0.0100,0.1487,-0.1056,-0.8120,0.9197,0.0100,0.4480
smallworld,8,100.0000,400.0000,4.0000,1.3115,7.0000,0.0000,0.1075,-0.0944,-0.8224,0.9192,0.0100,0.4898
smallworld,9,100.0000,400.0000,4.0000,1.4560,7.0000,0.0000,0.1325,-0.1069,-0.8143,0.8854,0.0050,0.4549
smallworld,10,100.0000,400.0000,4.0000,1.5100,8.0000,0.0000,0.1425,-0.1087,-0.8686,0.9011,0.0050,0.5308
uneven,1,100.0000,400.0000,4.0000,4.8062,37.0000,0.0000,1.4438,-0.1338,-0.0926,0.8179,0.0450,0.1743
uneven,2,100.0000,400.0000,4.0000,4.8062,37.0000,0.0000,1.4438,0.1150,0.0797,1.1462,0.0600,0.1956
uneven,3,100.0000,400.0000,4.0000,4.8062,37.0000,0.0000,1.4438,-0.1225,-0.0848,1.0351,0.0600,0.1765
uneven,4,100.0000,400.0000,4.0000,4.8062,37.0000,0.0000,1.4438,-0.2069,-0.1433,0.7300,0.0300,0.2089
uneven,5,100.0000,400.0000,4.0000,4.8062,37.0000,0.0000,1.4438,0.0831,0.0576,1.1297,0.0400,0.2101
uneven,6,100.0000,400.0000,4.0000,4.8062,37.0000,0.0000,1.4438,-0.1250,-0.0866,0.7028,0.0250,0.2396
uneven,7,100.0000,400.0000,4.0000,4.8062,37.0000,0.0000,1.4438,0.0694,0.0481,0.9564,0.0400,0.2385
uneven,8,100.0000,400.0000,4.0000,4.8062,37.0000,0.0000,1.4438,0.0112,0.0078,1.1231,0.0500,0.2196
uneven,9,100.0000,400.0000,4.0000,4.8062,37.0000,0.0000,1.4438,-0.0806,-0.0558,0.8623,0.0300,0.1913
uneven,10,100.0000,400.0000,4.0000,4.8062,37.0000,0.0000,1.4438,-0.1281,-0.0887,0.8366,0.0200,0.2168
