step,10,7,11,5,8,12,4,6,9,13,14,15,17,16
0,53.583333333333336,52.46153846153846,51.6,49.0,51.1875,53.25925925925926,48.5,51.1875,50.16129032258065,51.36363636363637,55.0,50.0,48.5,46.0
1,51.916666666666664,52.84615384615385,50.25,48.22222222222222,50.125,52.18518518518518,48.5,50.4375,49.70967741935484,50.54545454545455,54.0,49.75,46.0,46.0
2,51.041666666666664,52.84615384615385,49.35,47.22222222222222,49.25,51.18518518518518,48.5,49.5625,48.32258064516129,49.18181818181818,54.5,47.75,44.5,46.0
3,50.166666666666664,51.23076923076923,49.1,46.44444444444444,49.59375,49.925925925925924,48.833333333333336,49.875,47.516129032258064,48.0,53.25,46.75,44.5,46.0
4,49.333333333333336,50.23076923076923,48.35,46.111111111111114,49.0625,49.51851851851852,48.833333333333336,49.25,47.096774193548384,46.81818181818182,53.25,46.25,44.5,42.0
5,47.458333333333336,50.0,48.25,45.77777777777778,47.90625,48.851851851851855,46.166666666666664,48.375,46.12903225806452,44.54545454545455,52.25,44.0,45.5,42.0
6,47.0,48.07692307692308,46.75,46.22222222222222,47.28125,47.370370370370374,46.0,47.875,45.16129032258065,44.27272727272727,51.0,44.0,45.5,44.0
7,45.333333333333336,48.23076923076923,45.85,46.333333333333336,47.125,45.851851851851855,45.166666666666664,47.1875,43.87096774193548,42.54545454545455,49.25,43.5,42.5,44.0
8,44.5,47.76923076923077,44.95,45.666666666666664,46.3125,43.96296296296296,45.0,46.375,43.16129032258065,41.72727272727273,48.25,41.0,35.5,44.0
9,43.458333333333336,46.38461538461539,43.8,45.111111111111114,45.40625,42.96296296296296,45.833333333333336,46.0,42.83870967741935,40.09090909090909,46.75,41.5,35.5,37.0
10,42.041666666666664,45.69230769230769,41.0,45.22222222222222,44.53125,41.51851851851852,45.833333333333336,45.1875,42.67741935483871,38.90909090909091,46.75,40.0,35.5,35.0
11,41.208333333333336,44.69230769230769,40.5,44.333333333333336,43.8125,40.666666666666664,45.833333333333336,43.9375,41.58064516129032,38.45454545454545,43.0,40.0,37.5,30.0
12,40.291666666666664,44.69230769230769,39.85,44.44444444444444,43.125,39.592592592592595,45.5,43.4375,40.25806451612903,38.27272727272727,41.0,38.75,37.5,30.0
13,39.166666666666664,43.76923076923077,39.5,43.55555555555556,42.53125,38.44444444444444,44.666666666666664,42.75,39.16129032258065,37.45454545454545,41.0,38.75,37.5,30.0
14,38.75,43.0,38.8,43.22222222222222,42.34375,37.74074074074074,44.833333333333336,41.75,39.03225806451613,36.0,39.5,38.5,37.5,30.0
15,38.291666666666664,42.23076923076923,37.85,43.111111111111114,41.9375,36.407407407407405,44.666666666666664,41.5625,38.54838709677419,35.54545454545455,38.75,36.5,35.5,30.0
16,38.25,41.61538461538461,36.8,42.22222222222222,41.59375,35.666666666666664,44.166666666666664,41.4375,38.096774193548384,35.81818181818182,39.25,36.75,33.5,30.0
17,38.0,40.92307692307692,36.15,41.0,41.375,35.333333333333336,44.166666666666664,41.0,37.903225806451616,35.54545454545455,37.5,36.75,33.5,30.0
18,37.666666666666664,40.46153846153846,34.9,40.77777777777778,40.65625,35.44444444444444,44.166666666666664,40.5625,36.935483870967744,35.72727272727273,37.5,35.75,34.5,31.0
19,37.583333333333336,40.23076923076923,34.7,40.22222222222222,40.09375,35.370370370370374,44.333333333333336,40.1875,36.225806451612904,35.36363636363637,38.0,35.75,32.5,31.0
20,37.458333333333336,40.15384615384615,34.6,39.111111111111114,39.3125,35.25925925925926,44.333333333333336,39.5625,36.096774193548384,33.54545454545455,36.5,34.75,31.0,31.0
21,36.791666666666664,39.76923076923077,34.6,38.888888888888886,39.125,34.48148148148148,43.833333333333336,39.1875,35.96774193548387,33.18181818181818,35.5,34.75,31.5,31.0
22,36.5,39.92307692307692,34.15,38.0,38.15625,34.2962962962963,42.666666666666664,38.9375,35.70967741935484,33.18181818181818,35.5,33.0,30.5,31.0
23,36.291666666666664,39.92307692307692,34.05,38.0,38.0625,33.888888888888886,42.5,38.9375,35.806451612903224,31.272727272727273,35.5,32.5,30.5,31.0
24,35.541666666666664,40.07692307692308,34.0,38.0,37.5625,33.592592592592595,42.333333333333336,38.5625,35.806451612903224,30.363636363636363,35.5,31.0,30.5,31.0
25,35.375,39.38461538461539,33.6,38.0,37.28125,33.148148148148145,42.333333333333336,38.5625,35.67741935483871,30.454545454545453,35.5,31.0,29.5,31.0
26,35.083333333333336,38.07692307692308,33.6,37.55555555555556,36.90625,32.74074074074074,42.333333333333336,38.5625,35.38709677419355,30.181818181818183,35.0,30.5,32.0,31.0
27,34.791666666666664,38.0,33.1,37.55555555555556,36.46875,32.51851851851852,42.333333333333336,38.3125,35.193548387096776,30.272727272727273,34.75,31.25,32.0,31.0
28,34.5,37.84615384615385,33.15,37.888888888888886,36.4375,32.18518518518518,42.333333333333336,38.3125,34.903225806451616,30.181818181818183,32.5,31.25,32.0,31.0
29,34.083333333333336,36.84615384615385,32.6,36.888888888888886,36.15625,31.703703703703702,43.0,38.625,34.774193548387096,29.181818181818183,33.0,31.25,32.0,32.0
30,34.0,36.61538461538461,32.7,35.888888888888886,35.65625,31.333333333333332,43.0,38.5,34.67741935483871,28.818181818181817,32.0,31.0,32.0,32.0
31,33.791666666666664,36.30769230769231,32.75,36.0,35.71875,31.0,43.0,37.9375,34.83870967741935,28.90909090909091,32.0,31.0,32.0,32.0
32,33.916666666666664,36.0,32.2,35.44444444444444,35.46875,30.88888888888889,41.5,37.875,34.61290322580645,28.363636363636363,32.0,31.0,31.0,32.0
33,33.791666666666664,35.92307692307692,31.95,35.333333333333336,35.5,30.962962962962962,42.0,36.8125,34.29032258064516,28.454545454545453,32.0,29.75,31.0,28.0
34,33.625,35.0,31.4,35.22222222222222,35.375,30.62962962962963,42.0,36.375,34.0,28.363636363636363,32.0,29.75,31.0,28.0
35,33.541666666666664,35.0,31.4,35.22222222222222,34.96875,30.333333333333332,41.166666666666664,36.1875,33.806451612903224,28.181818181818183,32.0,29.75,31.5,27.0
36,33.291666666666664,34.38461538461539,30.95,35.22222222222222,34.875,30.25925925925926,41.166666666666664,35.75,33.45161290322581,28.0,32.0,29.5,31.5,25.0
37,32.708333333333336,34.30769230769231,30.3,35.22222222222222,34.65625,30.14814814814815,42.0,35.1875,33.25806451612903,28.272727272727273,31.5,29.5,31.5,25.0
38,32.333333333333336,34.30769230769231,29.85,35.22222222222222,34.28125,29.88888888888889,41.166666666666664,34.9375,33.0,28.181818181818183,31.5,28.5,31.5,25.0
39,32.833333333333336,34.38461538461539,29.95,34.888888888888886,34.03125,30.11111111111111,41.5,34.6875,33.354838709677416,28.09090909090909,31.75,28.5,31.0,25.0
40,32.75,34.07692307692308,29.5,34.888888888888886,34.03125,29.814814814814813,41.5,34.25,32.96774193548387,28.0,31.0,28.0,30.0,25.0
41,32.541666666666664,33.76923076923077,29.4,34.0,34.15625,29.555555555555557,41.5,33.9375,32.67741935483871,28.09090909090909,31.0,28.5,30.0,25.0
42,32.375,33.76923076923077,28.9,33.55555555555556,34.0,29.185185185185187,41.333333333333336,33.625,32.064516129032256,28.09090909090909,31.0,28.25,30.0,25.0
43,31.833333333333332,33.15384615384615,28.8,33.55555555555556,33.625,29.0,41.333333333333336,33.1875,31.806451612903224,27.363636363636363,31.0,28.25,30.0,25.0
44,31.708333333333332,32.92307692307692,28.7,33.22222222222222,33.375,28.925925925925927,41.333333333333336,33.125,31.741935483870968,27.181818181818183,31.0,28.25,30.0,25.0
45,31.291666666666668,32.92307692307692,28.6,33.0,33.21875,28.814814814814813,41.333333333333336,33.125,31.548387096774192,27.181818181818183,31.0,27.5,30.0,25.0
46,31.291666666666668,33.0,28.55,33.0,32.9375,28.666666666666668,41.333333333333336,32.5,31.387096774193548,27.181818181818183,30.0,26.75,30.0,25.0
47,31.208333333333332,33.0,28.55,32.888888888888886,32.5625,28.59259259259259,41.333333333333336,32.3125,31.29032258064516,27.181818181818183,30.5,26.75,30.0,25.0
48,31.125,33.07692307692308,28.5,32.888888888888886,32.3125,28.333333333333332,41.333333333333336,31.9375,31.032258064516128,26.90909090909091,30.5,26.75,30.0,25.0
49,30.708333333333332,32.84615384615385,28.4,32.77777777777778,32.15625,28.22222222222222,40.833333333333336,32.125,30.903225806451612,26.818181818181817,30.75,27.5,30.5,26.0
50,30.541666666666668,32.69230769230769,28.2,32.0,32.0625,28.14814814814815,40.833333333333336,32.125,30.483870967741936,26.636363636363637,30.75,27.5,30.5,26.0
51,30.541666666666668,32.30769230769231,28.2,32.0,32.0,27.925925925925927,40.833333333333336,31.9375,30.387096774193548,26.09090909090909,30.75,27.0,30.5,24.0
52,30.5,32.07692307692308,28.15,32.0,31.625,27.925925925925927,40.833333333333336,32.1875,30.258064516129032,25.90909090909091,29.25,26.5,30.5,24.0
53,30.125,32.07692307692308,28.15,32.0,31.5625,27.85185185185185,40.833333333333336,32.1875,29.967741935483872,25.727272727272727,29.0,26.5,30.5,24.0
54,29.75,32.07692307692308,27.95,32.0,31.40625,27.77777777777778,40.833333333333336,32.0,29.64516129032258,25.727272727272727,29.0,26.5,30.5,24.0
55,29.791666666666668,31.76923076923077,27.95,32.0,30.9375,27.555555555555557,40.833333333333336,31.625,29.64516129032258,25.727272727272727,29.0,26.0,30.5,24.0
56,29.791666666666668,31.76923076923077,27.85,32.0,30.90625,27.444444444444443,40.833333333333336,31.5,29.419354838709676,25.727272727272727,28.75,26.0,30.5,24.0
57,29.791666666666668,31.692307692307693,27.55,32.22222222222222,30.71875,27.444444444444443,40.833333333333336,31.375,29.322580645161292,25.727272727272727,28.75,26.5,30.5,24.0
58,29.25,31.23076923076923,27.6,32.111111111111114,30.6875,27.37037037037037,40.666666666666664,30.875,29.161290322580644,25.727272727272727,28.25,26.5,30.5,24.0
59,29.583333333333332,31.53846153846154,27.65,32.666666666666664,30.875,27.51851851851852,40.333333333333336,30.875,29.35483870967742,26.181818181818183,28.75,26.75,30.5,25.0
60,29.5,31.692307692307693,27.6,32.666666666666664,30.65625,27.40740740740741,40.0,30.75,29.161290322580644,26.0,28.25,26.75,30.5,25.0
61,29.458333333333332,31.0,27.2,32.666666666666664,30.28125,27.444444444444443,39.166666666666664,30.5625,28.967741935483872,26.0,28.25,26.75,30.0,25.0
62,29.458333333333332,31.076923076923077,27.2,32.666666666666664,30.09375,27.40740740740741,39.166666666666664,30.3125,28.580645161290324,26.0,28.25,26.75,30.0,25.0
63,29.166666666666668,30.923076923076923,27.2,32.666666666666664,30.15625,27.40740740740741,38.166666666666664,30.125,28.580645161290324,26.0,28.25,26.75,30.0,25.0
64,29.0,30.76923076923077,27.2,32.333333333333336,30.09375,27.40740740740741,38.166666666666664,30.125,28.516129032258064,26.0,28.25,26.75,30.0,25.0
65,28.833333333333332,30.615384615384617,27.1,32.22222222222222,29.90625,27.444444444444443,37.333333333333336,30.125,28.612903225806452,26.0,28.25,26.75,30.0,25.0
66,28.791666666666668,30.384615384615383,27.15,32.22222222222222,29.90625,27.37037037037037,37.333333333333336,30.0625,28.677419354838708,26.0,28.25,26.75,30.0,25.0
67,28.791666666666668,30.307692307692307,27.15,31.88888888888889,29.90625,27.14814814814815,37.333333333333336,30.0625,28.548387096774192,25.818181818181817,28.25,26.75,30.0,25.0
68,28.708333333333332,30.23076923076923,27.15,31.88888888888889,29.84375,27.14814814814815,37.333333333333336,29.9375,28.548387096774192,25.818181818181817,28.25,26.75,30.0,25.0
69,29.083333333333332,30.846153846153847,27.75,32.22222222222222,30.28125,28.037037037037038,37.333333333333336,30.25,29.258064516129032,26.545454545454547,29.25,27.75,30.5,25.0
70,28.916666666666668,30.76923076923077,27.75,32.44444444444444,30.28125,28.037037037037038,37.333333333333336,30.0625,29.225806451612904,26.545454545454547,28.25,27.75,30.5,25.0
71,28.916666666666668,30.53846153846154,27.7,31.88888888888889,30.03125,27.962962962962962,37.333333333333336,30.0625,29.161290322580644,26.545454545454547,28.25,27.75,30.5,25.0
72,28.916666666666668,30.53846153846154,27.7,31.444444444444443,30.0,27.88888888888889,37.333333333333336,29.875,29.032258064516128,26.363636363636363,28.25,27.75,30.5,25.0
73,28.916666666666668,30.53846153846154,27.65,31.333333333333332,29.8125,27.88888888888889,37.333333333333336,29.8125,29.032258064516128,26.363636363636363,28.25,27.75,30.5,25.0
74,28.916666666666668,30.307692307692307,27.65,31.11111111111111,29.75,27.88888888888889,37.333333333333336,29.625,29.06451612903226,26.363636363636363,28.25,27.75,30.5,25.0
75,28.916666666666668,30.307692307692307,27.35,31.11111111111111,29.59375,27.88888888888889,37.0,29.6875,29.06451612903226,26.363636363636363,28.5,27.75,30.5,25.0
76,28.916666666666668,29.692307692307693,27.35,30.11111111111111,29.53125,27.77777777777778,37.0,29.6875,29.06451612903226,26.363636363636363,28.5,27.75,30.5,25.0
77,28.791666666666668,29.692307692307693,27.2,30.11111111111111,29.5,27.74074074074074,37.0,30.1875,28.967741935483872,26.363636363636363,28.5,27.75,30.5,25.0
78,28.791666666666668,29.692307692307693,27.2,30.11111111111111,29.53125,27.703703703703702,36.833333333333336,30.0,28.93548387096774,26.363636363636363,28.5,27.75,30.5,25.0
79,29.375,30.23076923076923,28.05,30.666666666666668,29.84375,28.444444444444443,35.833333333333336,30.25,29.35483870967742,27.09090909090909,29.25,28.75,31.0,26.0
80,29.375,30.23076923076923,28.05,30.555555555555557,29.875,28.444444444444443,35.833333333333336,30.5,29.35483870967742,27.09090909090909,29.25,28.75,31.0,26.0
81,29.291666666666668,30.23076923076923,28.1,30.555555555555557,29.875,28.444444444444443,35.833333333333336,30.5,29.322580645161292,27.09090909090909,29.25,28.75,31.0,26.0
82,29.125,30.153846153846153,28.1,30.555555555555557,29.875,28.444444444444443,35.833333333333336,30.5,29.387096774193548,27.09090909090909,29.25,28.75,31.0,26.0
83,29.125,30.23076923076923,27.95,30.555555555555557,29.75,28.444444444444443,35.833333333333336,30.5,29.419354838709676,27.09090909090909,29.25,28.75,31.0,26.0
84,29.125,30.23076923076923,27.95,30.555555555555557,29.71875,28.37037037037037,35.833333333333336,30.5,29.419354838709676,27.09090909090909,29.25,28.75,31.0,26.0
85,29.125,30.307692307692307,27.95,30.22222222222222,29.6875,28.37037037037037,35.833333333333336,30.5,29.419354838709676,27.09090909090909,29.25,28.75,31.0,26.0
86,29.125,30.307692307692307,27.9,30.22222222222222,29.6875,28.37037037037037,36.0,30.125,29.419354838709676,27.09090909090909,29.25,28.75,31.0,26.0
87,29.166666666666668,29.76923076923077,27.9,30.444444444444443,29.625,28.37037037037037,36.0,30.125,29.419354838709676,27.09090909090909,29.25,28.75,31.0,26.0
88,29.166666666666668,29.76923076923077,27.9,30.444444444444443,29.53125,28.37037037037037,36.0,30.125,29.419354838709676,27.09090909090909,29.25,28.75,31.0,26.0
89,29.458333333333332,29.76923076923077,28.1,30.555555555555557,29.625,28.40740740740741,36.333333333333336,30.3125,29.548387096774192,26.90909090909091,29.25,29.25,31.5,26.0
90,29.416666666666668,29.76923076923077,28.1,30.555555555555557,29.59375,28.37037037037037,36.333333333333336,30.3125,29.580645161290324,26.90909090909091,29.25,29.25,31.5,26.0
91,29.416666666666668,29.615384615384617,28.1,30.555555555555557,29.59375,28.37037037037037,36.333333333333336,30.3125,29.64516129032258,26.90909090909091,29.25,29.25,31.5,26.0
92,29.416666666666668,29.615384615384617,28.1,30.666666666666668,29.53125,28.37037037037037,36.333333333333336,30.25,29.548387096774192,26.90909090909091,29.25,29.25,31.5,26.0
93,29.416666666666668,29.615384615384617,28.05,30.666666666666668,29.46875,28.37037037037037,36.333333333333336,30.1875,29.387096774193548,26.90909090909091,29.25,29.25,31.5,26.0
94,29.416666666666668,29.53846153846154,28.05,30.22222222222222,29.46875,28.37037037037037,36.333333333333336,30.125,29.35483870967742,26.90909090909091,29.25,29.25,31.5,26.0
95,29.416666666666668,29.53846153846154,27.8,30.22222222222222,29.46875,28.37037037037037,35.833333333333336,30.125,29.35483870967742,26.90909090909091,29.25,29.25,31.5,26.0
96,29.416666666666668,29.076923076923077,27.8,30.22222222222222,29.46875,28.37037037037037,35.833333333333336,30.125,29.387096774193548,26.90909090909091,29.25,29.25,31.5,26.0
97,29.416666666666668,29.076923076923077,27.85,30.22222222222222,29.5625,28.333333333333332,35.833333333333336,29.9375,29.258064516129032,26.90909090909091,29.25,29.25,31.5,26.0
98,29.416666666666668,29.076923076923077,27.85,30.11111111111111,29.5625,28.333333333333332,35.833333333333336,29.875,28.967741935483872,26.90909090909091,29.25,29.25,31.5,26.0
99,29.25,29.076923076923077,27.8,30.22222222222222,29.375,28.22222222222222,35.5,30.0625,28.677419354838708,26.363636363636363,29.25,28.5,31.0,26.0
100,29.208333333333332,29.076923076923077,27.8,30.22222222222222,29.40625,28.22222222222222,35.5,30.0625,28.677419354838708,26.363636363636363,29.25,28.5,31.0,26.0
101,29.208333333333332,29.076923076923077,27.8,30.22222222222222,29.40625,28.22222222222222,35.5,30.0625,28.741935483870968,26.363636363636363,29.25,28.5,31.0,26.0
102,29.208333333333332,29.153846153846153,27.7,30.22222222222222,29.375,28.22222222222222,35.5,30.0625,28.70967741935484,26.363636363636363,28.5,28.5,31.0,26.0
103,29.208333333333332,29.153846153846153,27.7,30.22222222222222,29.375,28.22222222222222,35.5,30.0,28.93548387096774,26.363636363636363,28.5,28.5,31.0,26.0
104,29.208333333333332,29.153846153846153,27.7,30.0,29.375,28.22222222222222,35.5,30.0,28.93548387096774,26.363636363636363,28.5,28.5,31.0,26.0
105,29.083333333333332,29.153846153846153,27.7,29.88888888888889,29.25,28.22222222222222,35.5,29.5625,28.93548387096774,26.363636363636363,28.5,28.5,31.0,26.0
106,29.083333333333332,29.076923076923077,27.7,30.0,29.25,28.22222222222222,35.5,29.3125,28.93548387096774,26.363636363636363,28.5,28.5,31.0,26.0
107,29.083333333333332,29.153846153846153,27.7,30.0,29.25,28.22222222222222,35.5,29.3125,28.93548387096774,26.363636363636363,28.5,28.5,31.0,26.0
108,28.833333333333332,29.153846153846153,27.7,30.0,29.25,28.22222222222222,35.5,29.3125,28.93548387096774,26.363636363636363,28.5,28.5,31.0,26.0
109,28.625,28.615384615384617,27.35,29.666666666666668,29.0625,27.74074074074074,35.833333333333336,29.1875,28.677419354838708,26.272727272727273,28.0,28.25,31.0,26.0
110,28.625,28.615384615384617,27.35,29.666666666666668,29.0625,27.74074074074074,35.833333333333336,29.1875,28.677419354838708,26.272727272727273,28.0,28.25,31.0,26.0
111,28.625,28.53846153846154,27.35,29.666666666666668,29.0625,27.74074074074074,35.833333333333336,29.1875,28.64516129032258,26.272727272727273,28.0,28.25,31.0,26.0
112,28.625,28.53846153846154,27.35,29.666666666666668,29.03125,27.703703703703702,35.833333333333336,29.1875,28.64516129032258,26.272727272727273,28.0,28.25,31.0,26.0
113,28.625,28.53846153846154,27.35,29.666666666666668,29.03125,27.703703703703702,35.833333333333336,29.1875,28.64516129032258,26.272727272727273,28.0,28.25,31.0,26.0
114,28.625,28.53846153846154,27.35,29.444444444444443,29.03125,27.703703703703702,35.5,29.1875,28.64516129032258,26.272727272727273,28.0,28.25,31.0,26.0
115,28.625,28.53846153846154,27.35,29.555555555555557,29.03125,27.703703703703702,35.5,29.1875,28.64516129032258,26.272727272727273,28.0,28.25,31.0,26.0
116,28.625,28.53846153846154,27.35,29.555555555555557,29.03125,27.62962962962963,35.5,29.1875,28.64516129032258,26.272727272727273,28.0,28.25,31.0,26.0
117,28.625,28.53846153846154,27.35,29.555555555555557,29.03125,27.62962962962963,35.5,29.1875,28.64516129032258,26.272727272727273,28.0,28.25,31.0,26.0
118,28.625,28.53846153846154,27.35,29.555555555555557,28.96875,27.62962962962963,35.5,29.1875,28.64516129032258,26.272727272727273,28.0,28.25,31.0,26.0
119,28.833333333333332,28.692307692307693,27.5,29.666666666666668,29.1875,27.962962962962962,35.166666666666664,29.375,28.741935483870968,26.636363636363637,28.75,28.5,32.0,26.0
120,28.791666666666668,28.76923076923077,27.5,29.666666666666668,29.1875,27.962962962962962,34.666666666666664,29.375,28.741935483870968,26.636363636363637,28.75,28.5,32.0,26.0
121,28.791666666666668,28.46153846153846,27.5,29.666666666666668,29.1875,27.88888888888889,34.666666666666664,29.375,28.677419354838708,26.636363636363637,28.75,28.5,32.0,26.0
122,28.833333333333332,28.46153846153846,27.5,29.666666666666668,29.1875,27.88888888888889,34.666666666666664,29.375,28.677419354838708,26.636363636363637,28.75,28.5,32.0,26.0
123,28.75,28.46153846153846,27.5,29.666666666666668,29.1875,27.88888888888889,34.333333333333336,29.375,28.677419354838708,26.636363636363637,28.75,28.5,32.0,26.0
124,28.75,28.46153846153846,27.5,29.666666666666668,29.1875,27.88888888888889,34.333333333333336,29.25,28.677419354838708,26.636363636363637,28.75,28.5,32.0,26.0
125,28.75,28.46153846153846,27.5,29.333333333333332,29.1875,27.88888888888889,34.0,29.0,28.677419354838708,26.636363636363637,28.75,28.5,32.0,26.0
126,28.75,28.46153846153846,27.5,29.22222222222222,29.1875,27.88888888888889,34.0,29.0,28.677419354838708,26.636363636363637,28.75,28.5,32.0,26.0
127,28.75,28.46153846153846,27.5,29.22222222222222,29.1875,27.88888888888889,34.0,29.0,28.64516129032258,26.636363636363637,28.75,28.5,32.0,26.0
128,28.75,28.46153846153846,27.5,29.22222222222222,29.1875,27.88888888888889,34.0,28.9375,28.64516129032258,26.636363636363637,28.75,28.5,32.0,26.0
129,28.875,29.0,27.7,29.444444444444443,29.5625,28.40740740740741,34.166666666666664,29.0,28.741935483870968,26.363636363636363,29.75,28.25,32.5,25.0
130,28.791666666666668,28.846153846153847,27.7,29.444444444444443,29.4375,28.40740740740741,34.166666666666664,29.0,28.741935483870968,26.363636363636363,29.75,28.25,32.5,25.0
131,28.791666666666668,28.846153846153847,27.7,29.444444444444443,29.4375,28.40740740740741,33.5,29.0,28.70967741935484,26.363636363636363,29.75,28.25,32.5,25.0
132,28.791666666666668,28.846153846153847,27.7,29.444444444444443,29.4375,28.40740740740741,33.5,29.0,28.70967741935484,26.363636363636363,29.75,28.25,32.5,25.0
133,28.791666666666668,28.846153846153847,27.7,29.444444444444443,29.40625,28.40740740740741,33.5,29.0,28.70967741935484,26.363636363636363,29.75,28.25,32.5,25.0
134,28.791666666666668,28.846153846153847,27.7,29.444444444444443,29.34375,28.40740740740741,33.5,29.0,28.70967741935484,26.363636363636363,29.75,28.25,32.5,25.0
135,28.791666666666668,28.846153846153847,27.7,29.444444444444443,29.34375,28.40740740740741,33.5,28.8125,28.70967741935484,26.363636363636363,29.75,28.25,32.5,25.0
136,28.791666666666668,28.846153846153847,27.7,29.333333333333332,29.34375,28.40740740740741,33.5,28.8125,28.70967741935484,26.363636363636363,29.75,28.25,32.5,25.0
137,28.791666666666668,28.846153846153847,27.7,29.333333333333332,29.34375,28.40740740740741,33.5,28.8125,28.70967741935484,26.363636363636363,29.75,28.25,32.5,25.0
138,28.791666666666668,28.846153846153847,27.7,29.0,29.34375,28.40740740740741,33.5,28.8125,28.70967741935484,26.363636363636363,29.75,28.25,32.5,25.0
139,29.5,29.53846153846154,28.55,29.77777777777778,30.0625,29.074074074074073,34.0,29.4375,29.419354838709676,26.818181818181817,30.5,29.0,33.5,26.0
140,29.5,29.53846153846154,28.55,29.333333333333332,30.0625,29.074074074074073,34.0,29.4375,29.419354838709676,26.818181818181817,30.5,29.0,33.5,26.0
141,29.5,29.53846153846154,28.55,29.333333333333332,30.0625,29.074074074074073,34.0,29.4375,29.419354838709676,26.818181818181817,30.5,29.0,33.5,26.0
142,29.416666666666668,29.53846153846154,28.55,29.333333333333332,30.0625,29.074074074074073,34.0,29.4375,29.419354838709676,26.818181818181817,30.5,29.0,33.5,26.0
143,29.416666666666668,29.53846153846154,28.55,29.666666666666668,30.0625,29.074074074074073,34.0,29.3125,29.419354838709676,26.818181818181817,30.5,29.0,33.5,26.0
144,29.416666666666668,29.53846153846154,28.55,29.666666666666668,30.0625,29.074074074074073,34.0,29.3125,29.419354838709676,26.818181818181817,30.5,29.0,33.5,26.0
145,29.291666666666668,29.53846153846154,28.55,29.666666666666668,30.0625,29.074074074074073,34.0,29.3125,29.419354838709676,26.818181818181817,30.5,29.0,33.5,26.0
146,29.291666666666668,29.53846153846154,28.55,29.666666666666668,30.0625,29.074074074074073,34.0,29.3125,29.419354838709676,26.818181818181817,30.5,29.0,33.5,26.0
147,29.291666666666668,29.53846153846154,28.55,29.666666666666668,30.0625,29.074074074074073,33.833333333333336,29.3125,29.419354838709676,26.818181818181817,30.5,29.0,33.5,26.0
148,29.291666666666668,29.53846153846154,28.55,29.666666666666668,30.0625,29.074074074074073,33.833333333333336,29.3125,29.419354838709676,26.818181818181817,30.5,29.0,33.5,26.0
149,30.166666666666668,30.53846153846154,29.5,30.444444444444443,31.03125,30.074074074074073,34.333333333333336,30.1875,30.419354838709676,27.818181818181817,31.5,30.0,34.0,27.0
