step,avg_violations,min_violations,homogeneity,network,seed
1,63.24842105263158,45,0.5220631578947369,Congress Twitter,42
2,63.22736842105263,45,0.5220210526315789,Congress Twitter,42
3,63.113684210526316,45,0.5221052631578947,Congress Twitter,42
4,62.93052631578947,45,0.5226947368421052,Congress Twitter,42
5,62.701052631578946,45,0.5237894736842107,Congress Twitter,42
6,62.36842105263158,44,0.5249263157894738,Congress Twitter,42
7,62.054736842105264,43,0.5266526315789474,Congress Twitter,42
8,61.63157894736842,43,0.528463157894737,Congress Twitter,42
9,61.02736842105263,41,0.5317052631578946,Congress Twitter,42
10,60.642105263157895,39,0.5350315789473684,Congress Twitter,42
11,60.19157894736842,39,0.5365052631578948,Congress Twitter,42
12,59.81263157894737,39,0.5382315789473684,Congress Twitter,42
13,59.42526315789474,39,0.5402947368421053,Congress Twitter,42
14,58.97684210526316,39,0.5421052631578946,Congress Twitter,42
15,58.44,39,0.544,Congress Twitter,42
16,58.13263157894737,37,0.5457684210526317,Congress Twitter,42
17,57.753684210526316,35,0.5478736842105264,Congress Twitter,42
18,57.39157894736842,34,0.5502315789473683,Congress Twitter,42
19,56.909473684210525,34,0.5535578947368421,Congress Twitter,42
20,56.463157894736845,34,0.5561684210526316,Congress Twitter,42
21,56.03157894736842,34,0.5592000000000003,Congress Twitter,42
22,55.69263157894737,36,0.5608000000000001,Congress Twitter,42
23,55.21473684210526,32,0.5634947368421053,Congress Twitter,42
24,54.86105263157895,32,0.5655578947368423,Congress Twitter,42
25,54.572631578947366,32,0.568084210526316,Congress Twitter,42
26,54.23157894736842,32,0.5705263157894737,Congress Twitter,42
27,53.898947368421055,29,0.5721263157894738,Congress Twitter,42
28,53.51157894736842,29,0.574442105263158,Congress Twitter,42
29,53.193684210526314,29,0.5769263157894735,Congress Twitter,42
30,52.63368421052632,30,0.580042105263158,Congress Twitter,42
31,52.31578947368421,30,0.5830315789473685,Congress Twitter,42
32,51.997894736842106,30,0.5848000000000001,Congress Twitter,42
33,51.74315789473684,30,0.5866526315789474,Congress Twitter,42
34,51.370526315789476,30,0.5887157894736845,Congress Twitter,42
35,51.037894736842105,30,0.5909894736842105,Congress Twitter,42
36,50.60842105263158,29,0.5930947368421052,Congress Twitter,42
37,50.27157894736842,29,0.5953263157894736,Congress Twitter,42
38,50.0,29,0.5967999999999999,Congress Twitter,42
39,49.55157894736842,28,0.5997052631578947,Congress Twitter,42
40,49.36421052631579,28,0.6023157894736842,Congress Twitter,42
41,48.99368421052632,27,0.6047157894736841,Congress Twitter,42
42,48.70315789473684,27,0.6058947368421053,Congress Twitter,42
43,48.39578947368421,27,0.6073684210526317,Congress Twitter,42
44,48.09684210526316,27,0.6091789473684209,Congress Twitter,42
45,47.83578947368421,27,0.6109894736842105,Congress Twitter,42
46,47.54526315789474,27,0.6128421052631577,Congress Twitter,42
47,47.334736842105265,25,0.6148210526315788,Congress Twitter,42
48,47.06947368421053,25,0.6168421052631579,Congress Twitter,42
49,46.90736842105263,25,0.6184842105263155,Congress Twitter,42
50,46.95789473684211,26,0.6204631578947368,Congress Twitter,42
51,46.69894736842105,26,0.6218526315789474,Congress Twitter,42
52,46.39368421052632,26,0.624042105263158,Congress Twitter,42
53,46.218947368421055,26,0.6258526315789473,Congress Twitter,42
54,45.97894736842105,26,0.6282947368421051,Congress Twitter,42
55,45.77894736842105,26,0.629978947368421,Congress Twitter,42
56,45.54736842105263,24,0.6317473684210526,Congress Twitter,42
57,45.27368421052632,23,0.6337263157894736,Congress Twitter,42
58,45.05684210526316,23,0.6357473684210525,Congress Twitter,42
59,44.816842105263156,23,0.6374736842105264,Congress Twitter,42
60,44.526315789473685,23,0.6396631578947367,Congress Twitter,42
61,44.32,23,0.6413473684210526,Congress Twitter,42
62,44.13473684210526,23,0.6434105263157893,Congress Twitter,42
63,43.93052631578947,23,0.6453473684210528,Congress Twitter,42
64,43.74315789473684,23,0.6465684210526316,Congress Twitter,42
65,43.486315789473686,23,0.648042105263158,Congress Twitter,42
66,43.22105263157895,23,0.6504421052631579,Congress Twitter,42
67,42.98736842105263,23,0.6522105263157895,Congress Twitter,42
68,42.741052631578945,23,0.6542736842105262,Congress Twitter,42
69,42.48842105263158,23,0.656378947368421,Congress Twitter,42
70,42.473684210526315,23,0.6578947368421051,Congress Twitter,42
71,42.26315789473684,23,0.6602526315789474,Congress Twitter,42
72,42.08,23,0.6624842105263159,Congress Twitter,42
73,41.88,23,0.6647157894736841,Congress Twitter,42
74,41.694736842105264,23,0.6664421052631581,Congress Twitter,42
75,41.48421052631579,23,0.6681684210526316,Congress Twitter,42
76,41.30105263157895,23,0.670063157894737,Congress Twitter,42
77,41.141052631578944,23,0.6720842105263158,Congress Twitter,42
78,40.98736842105263,23,0.6734736842105262,Congress Twitter,42
79,40.78947368421053,23,0.6759999999999999,Congress Twitter,42
80,40.60631578947368,22,0.6779789473684211,Congress Twitter,42
81,40.461052631578944,22,0.6793263157894736,Congress Twitter,42
82,40.29263157894737,22,0.681221052631579,Congress Twitter,42
83,40.08631578947369,22,0.6835368421052632,Congress Twitter,42
84,39.90105263157895,22,0.6852210526315788,Congress Twitter,42
85,39.730526315789476,22,0.6871157894736843,Congress Twitter,42
86,39.58526315789474,22,0.6883789473684212,Congress Twitter,42
87,39.44631578947369,22,0.6901894736842104,Congress Twitter,42
88,39.26105263157895,22,0.6922526315789476,Congress Twitter,42
89,39.09263157894737,22,0.6941894736842105,Congress Twitter,42
90,39.24,22,0.6963368421052633,Congress Twitter,42
91,39.10315789473684,22,0.698021052631579,Congress Twitter,42
92,38.97263157894737,22,0.699536842105263,Congress Twitter,42
93,38.82947368421053,22,0.7009263157894736,Congress Twitter,42
94,38.59789473684211,22,0.7034947368421051,Congress Twitter,42
95,38.42526315789474,22,0.705052631578947,Congress Twitter,42
96,38.305263157894736,22,0.7063157894736841,Congress Twitter,42
97,38.143157894736845,22,0.7085052631578947,Congress Twitter,42
98,38.01684210526316,22,0.7102315789473684,Congress Twitter,42
99,37.90105263157895,22,0.7117473684210525,Congress Twitter,42
100,37.93684210526316,23,0.7129684210526314,Congress Twitter,42
101,37.84,23,0.7145684210526313,Congress Twitter,42
102,37.717894736842105,23,0.7160842105263157,Congress Twitter,42
103,37.60631578947368,23,0.7173052631578944,Congress Twitter,42
104,37.486315789473686,23,0.7185263157894733,Congress Twitter,42
105,37.351578947368424,23,0.7198736842105261,Congress Twitter,42
106,37.23578947368421,23,0.7210105263157893,Congress Twitter,42
107,37.09894736842105,23,0.7226526315789473,Congress Twitter,42
108,36.99578947368421,23,0.7240842105263158,Congress Twitter,42
109,36.898947368421055,23,0.7258526315789473,Congress Twitter,42
110,36.730526315789476,22,0.7272421052631577,Congress Twitter,42
111,36.62736842105263,22,0.7285894736842106,Congress Twitter,42
112,36.549473684210525,22,0.7298526315789473,Congress Twitter,42
113,36.39157894736842,22,0.7314947368421052,Congress Twitter,42
114,36.305263157894736,22,0.7327578947368419,Congress Twitter,42
115,36.2,22,0.7336842105263157,Congress Twitter,42
116,36.12842105263158,22,0.7346947368421054,Congress Twitter,42
117,36.03368421052632,22,0.7358736842105263,Congress Twitter,42
118,35.915789473684214,22,0.7371368421052631,Congress Twitter,42
119,35.833684210526314,22,0.7380210526315786,Congress Twitter,42
120,35.98736842105263,23,0.7390315789473683,Congress Twitter,42
121,35.898947368421055,23,0.7401263157894735,Congress Twitter,42
122,35.8,23,0.7413894736842107,Congress Twitter,42
123,35.72210526315789,23,0.7424000000000001,Congress Twitter,42
124,35.63157894736842,23,0.743663157894737,Congress Twitter,42
125,35.56,23,0.7447157894736844,Congress Twitter,42
126,35.47157894736842,23,0.745684210526316,Congress Twitter,42
127,35.37684210526316,23,0.7468631578947367,Congress Twitter,42
128,35.26105263157895,23,0.7478736842105264,Congress Twitter,42
129,35.17894736842105,23,0.7486315789473684,Congress Twitter,42
130,35.18736842105263,23,0.7498526315789473,Congress Twitter,42
131,35.08631578947369,23,0.7512842105263157,Congress Twitter,42
132,34.95789473684211,23,0.7525052631578946,Congress Twitter,42
133,34.87789473684211,23,0.7534315789473683,Congress Twitter,42
134,34.816842105263156,23,0.7541894736842103,Congress Twitter,42
135,34.74315789473684,23,0.7549473684210526,Congress Twitter,42
136,34.65052631578947,23,0.7562947368421056,Congress Twitter,42
137,34.56,23,0.7574736842105264,Congress Twitter,42
138,34.46526315789474,23,0.7586105263157894,Congress Twitter,42
139,34.40842105263158,23,0.7594105263157894,Congress Twitter,42
140,34.101052631578945,22,0.7599999999999999,Congress Twitter,42
141,34.00421052631579,22,0.7606736842105264,Congress Twitter,42
142,33.898947368421055,22,0.7620631578947368,Congress Twitter,42
143,33.806315789473686,22,0.762863157894737,Congress Twitter,42
144,33.717894736842105,22,0.7635368421052631,Congress Twitter,42
145,33.66947368421052,22,0.764421052631579,Congress Twitter,42
146,33.6,22,0.7650105263157893,Congress Twitter,42
147,33.54526315789474,22,0.7658947368421051,Congress Twitter,42
148,33.50105263157895,22,0.7668631578947367,Congress Twitter,42
149,33.44,22,0.7672000000000001,Congress Twitter,42
150,33.30947368421052,22,0.7677894736842107,Congress Twitter,42
151,33.21473684210526,22,0.7684631578947367,Congress Twitter,42
152,33.10526315789474,22,0.7694315789473685,Congress Twitter,42
153,33.025263157894734,22,0.7705684210526315,Congress Twitter,42
154,32.932631578947365,22,0.771157894736842,Congress Twitter,42
155,32.86105263157895,22,0.7717473684210525,Congress Twitter,42
156,32.76421052631579,22,0.7725052631578947,Congress Twitter,42
157,32.71368421052632,22,0.773221052631579,Congress Twitter,42
158,32.614736842105266,22,0.7738105263157895,Congress Twitter,42
159,32.543157894736844,22,0.7746105263157895,Congress Twitter,42
160,33.01263157894737,23,0.7753684210526317,Congress Twitter,42
161,32.95578947368421,23,0.7758736842105262,Congress Twitter,42
162,32.90526315789474,23,0.7760000000000001,Congress Twitter,42
163,32.833684210526314,23,0.7767999999999999,Congress Twitter,42
164,32.82105263157895,23,0.7769684210526315,Congress Twitter,42
165,32.76842105263158,23,0.7781052631578947,Congress Twitter,42
166,32.68421052631579,23,0.7788210526315791,Congress Twitter,42
167,32.63578947368421,23,0.7794526315789474,Congress Twitter,42
168,32.58736842105263,23,0.7800421052631579,Congress Twitter,42
169,32.54105263157895,23,0.7807157894736845,Congress Twitter,42
170,32.75157894736842,23,0.7813894736842107,Congress Twitter,42
171,32.70315789473684,23,0.782105263157895,Congress Twitter,42
172,32.682105263157894,23,0.7825263157894738,Congress Twitter,42
173,32.62105263157895,23,0.7834947368421054,Congress Twitter,42
174,32.578947368421055,23,0.7840421052631578,Congress Twitter,42
175,32.53473684210526,23,0.7848842105263156,Congress Twitter,42
176,32.47578947368421,23,0.7853052631578948,Congress Twitter,42
177,32.433684210526316,23,0.7854736842105262,Congress Twitter,42
178,32.40421052631579,23,0.7861052631578945,Congress Twitter,42
179,32.36631578947368,23,0.7869052631578946,Congress Twitter,42
180,32.58526315789474,23,0.7875789473684207,Congress Twitter,42
181,32.50105263157895,23,0.7887157894736841,Congress Twitter,42
182,32.44631578947369,23,0.7893052631578946,Congress Twitter,42
183,32.36210526315789,23,0.7901473684210526,Congress Twitter,42
184,32.317894736842106,23,0.7909473684210525,Congress Twitter,42
185,32.28421052631579,23,0.7918315789473683,Congress Twitter,42
186,32.26736842105263,23,0.7925894736842106,Congress Twitter,42
187,32.229473684210525,23,0.7931368421052634,Congress Twitter,42
188,32.19157894736842,23,0.7936421052631581,Congress Twitter,42
189,32.18105263157895,23,0.7939368421052633,Congress Twitter,42
190,32.915789473684214,24,0.7943157894736843,Congress Twitter,42
191,32.86736842105263,24,0.7946105263157897,Congress Twitter,42
192,32.83578947368421,24,0.7950315789473684,Congress Twitter,42
193,32.79157894736842,24,0.7957473684210528,Congress Twitter,42
194,32.72421052631579,24,0.7962526315789475,Congress Twitter,42
195,32.688421052631575,24,0.7966315789473686,Congress Twitter,42
196,32.654736842105265,24,0.7974315789473685,Congress Twitter,42
197,32.612631578947365,24,0.7981052631578949,Congress Twitter,42
198,32.58105263157895,24,0.7988631578947372,Congress Twitter,42
199,32.55157894736842,24,0.7994105263157897,Congress Twitter,42
200,33.18526315789474,25,0.8001263157894738,Congress Twitter,42
1,63.490526315789474,43,0.5154947368421053,Congress Twitter,43
2,63.43157894736842,43,0.5155368421052632,Congress Twitter,43
3,63.22105263157895,43,0.5153263157894736,Congress Twitter,43
4,63.008421052631576,41,0.5167578947368421,Congress Twitter,43
5,62.55789473684211,41,0.519578947368421,Congress Twitter,43
6,61.96842105263158,41,0.5237894736842105,Congress Twitter,43
7,61.36631578947368,41,0.5290105263157894,Congress Twitter,43
8,60.70315789473684,40,0.5344842105263158,Congress Twitter,43
9,60.21263157894737,40,0.5384842105263158,Congress Twitter,43
10,59.63368421052632,40,0.5441263157894736,Congress Twitter,43
11,59.13473684210526,39,0.5492631578947368,Congress Twitter,43
12,58.59157894736842,38,0.5542315789473685,Congress Twitter,43
13,57.997894736842106,38,0.5594526315789473,Congress Twitter,43
14,57.50736842105263,38,0.5648421052631578,Congress Twitter,43
15,56.93684210526316,37,0.5705263157894737,Congress Twitter,43
16,56.34947368421053,37,0.5757473684210525,Congress Twitter,43
17,55.816842105263156,37,0.5803368421052632,Congress Twitter,43
18,55.24421052631579,34,0.5846315789473684,Congress Twitter,43
19,54.741052631578945,34,0.5896,Congress Twitter,43
20,54.56842105263158,34,0.5934736842105263,Congress Twitter,43
21,54.03578947368421,34,0.5970526315789474,Congress Twitter,43
22,53.58315789473684,33,0.6018526315789472,Congress Twitter,43
23,53.12210526315789,33,0.6053473684210526,Congress Twitter,43
24,52.66105263157895,33,0.6090947368421052,Congress Twitter,43
25,52.18526315789474,33,0.6127999999999999,Congress Twitter,43
26,51.71368421052632,32,0.616842105263158,Congress Twitter,43
27,51.31368421052632,31,0.6217263157894738,Congress Twitter,43
28,50.863157894736844,31,0.6253473684210527,Congress Twitter,43
29,50.456842105263156,31,0.6294315789473685,Congress Twitter,43
30,50.24842105263158,31,0.6337684210526315,Congress Twitter,43
31,49.82947368421053,32,0.6377263157894736,Congress Twitter,43
32,49.50105263157895,32,0.6408421052631579,Congress Twitter,43
33,49.242105263157896,31,0.6437473684210526,Congress Twitter,43
34,48.86105263157895,30,0.6469473684210526,Congress Twitter,43
35,48.54736842105263,28,0.6508210526315787,Congress Twitter,43
36,48.15578947368421,28,0.6545263157894736,Congress Twitter,43
37,47.757894736842104,28,0.6573473684210528,Congress Twitter,43
38,47.461052631578944,28,0.659115789473684,Congress Twitter,43
39,47.216842105263154,28,0.6616842105263159,Congress Twitter,43
40,46.682105263157894,28,0.664421052631579,Congress Twitter,43
41,46.345263157894735,28,0.6669052631578947,Congress Twitter,43
42,46.037894736842105,28,0.6693473684210527,Congress Twitter,43
43,45.793684210526315,28,0.6706105263157895,Congress Twitter,43
44,45.52842105263158,28,0.6731368421052634,Congress Twitter,43
45,45.23368421052631,27,0.6749894736842105,Congress Twitter,43
46,44.91789473684211,27,0.6772210526315788,Congress Twitter,43
47,44.61052631578947,27,0.6791578947368422,Congress Twitter,43
48,44.334736842105265,27,0.6815157894736841,Congress Twitter,43
49,44.01684210526316,27,0.6841684210526314,Congress Twitter,43
50,43.76,27,0.6856842105263159,Congress Twitter,43
51,43.53263157894737,26,0.6873263157894735,Congress Twitter,43
52,43.32421052631579,26,0.6888842105263158,Congress Twitter,43
53,43.1178947368421,26,0.6906947368421053,Congress Twitter,43
54,42.81263157894737,26,0.6927157894736843,Congress Twitter,43
55,42.58315789473684,26,0.6943578947368421,Congress Twitter,43
56,42.427368421052634,26,0.6953263157894738,Congress Twitter,43
57,42.189473684210526,26,0.6970526315789474,Congress Twitter,43
58,42.008421052631576,26,0.6985263157894737,Congress Twitter,43
59,41.80421052631579,26,0.6996631578947369,Congress Twitter,43
60,41.60842105263158,26,0.7008421052631578,Congress Twitter,43
61,41.40842105263158,26,0.701936842105263,Congress Twitter,43
62,41.25052631578947,26,0.7032,Congress Twitter,43
63,41.06315789473684,26,0.7047578947368419,Congress Twitter,43
64,40.92421052631579,26,0.7057684210526314,Congress Twitter,43
65,40.77263157894737,26,0.7069894736842103,Congress Twitter,43
66,40.572631578947366,26,0.7080842105263155,Congress Twitter,43
67,40.41894736842105,26,0.7097263157894738,Congress Twitter,43
68,40.29263157894737,26,0.7105263157894737,Congress Twitter,43
69,40.136842105263156,26,0.7117473684210528,Congress Twitter,43
70,40.56842105263158,27,0.7123789473684209,Congress Twitter,43
71,40.41684210526316,27,0.7134315789473685,Congress Twitter,43
72,40.25052631578947,27,0.7151578947368421,Congress Twitter,43
73,40.107368421052634,27,0.7162526315789474,Congress Twitter,43
74,39.96631578947368,27,0.7169684210526317,Congress Twitter,43
75,39.8421052631579,27,0.7173894736842107,Congress Twitter,43
76,39.69684210526316,27,0.7182315789473686,Congress Twitter,43
77,39.56,27,0.7194526315789473,Congress Twitter,43
78,39.40421052631579,27,0.7204631578947369,Congress Twitter,43
79,39.30105263157895,27,0.7208000000000001,Congress Twitter,43
80,39.21263157894737,26,0.7215157894736841,Congress Twitter,43
81,39.06315789473684,26,0.7219368421052633,Congress Twitter,43
82,38.915789473684214,26,0.7225684210526316,Congress Twitter,43
83,38.77894736842105,26,0.7234105263157895,Congress Twitter,43
84,38.65263157894737,26,0.7242105263157894,Congress Twitter,43
85,38.54526315789474,26,0.7248000000000002,Congress Twitter,43
86,38.41263157894737,26,0.7262736842105262,Congress Twitter,43
87,38.229473684210525,26,0.7276210526315791,Congress Twitter,43
88,38.13263157894737,26,0.7283368421052633,Congress Twitter,43
89,38.0,26,0.7293473684210526,Congress Twitter,43
90,38.572631578947366,27,0.7301894736842107,Congress Twitter,43
91,38.4821052631579,27,0.7313684210526317,Congress Twitter,43
92,38.40421052631579,27,0.731663157894737,Congress Twitter,43
93,38.33052631578948,27,0.7319578947368423,Congress Twitter,43
94,38.216842105263154,27,0.7327157894736844,Congress Twitter,43
95,38.09473684210526,27,0.7335157894736842,Congress Twitter,43
96,38.050526315789476,27,0.7343578947368421,Congress Twitter,43
97,37.915789473684214,27,0.7350315789473687,Congress Twitter,43
98,37.78947368421053,27,0.7363789473684211,Congress Twitter,43
99,37.69684210526316,27,0.7370105263157893,Congress Twitter,43
100,37.99368421052632,28,0.7375999999999999,Congress Twitter,43
101,37.88842105263158,28,0.7384842105263156,Congress Twitter,43
102,37.78526315789474,28,0.7397473684210525,Congress Twitter,43
103,37.68631578947368,28,0.7400421052631578,Congress Twitter,43
104,37.61684210526316,28,0.7407157894736841,Congress Twitter,43
105,37.549473684210525,28,0.7410947368421053,Congress Twitter,43
106,37.4821052631579,28,0.7418105263157897,Congress Twitter,43
107,37.370526315789476,28,0.7429052631578947,Congress Twitter,43
108,37.32,28,0.7434947368421052,Congress Twitter,43
109,37.24421052631579,28,0.7441263157894735,Congress Twitter,43
110,37.51157894736842,28,0.7451789473684209,Congress Twitter,43
111,37.463157894736845,28,0.7458526315789473,Congress Twitter,43
112,37.40210526315789,28,0.7461473684210526,Congress Twitter,43
113,37.32631578947368,28,0.7469052631578947,Congress Twitter,43
114,37.25684210526316,28,0.7474105263157899,Congress Twitter,43
115,37.1978947368421,28,0.7480421052631582,Congress Twitter,43
116,37.14526315789474,28,0.7486736842105263,Congress Twitter,43
117,37.067368421052635,28,0.749136842105263,Congress Twitter,43
118,37.00631578947368,28,0.7493894736842103,Congress Twitter,43
119,36.93684210526316,28,0.7500210526315789,Congress Twitter,43
120,37.00631578947368,28,0.7506947368421052,Congress Twitter,43
121,36.95157894736842,28,0.751284210526316,Congress Twitter,43
122,36.89052631578947,28,0.7522947368421049,Congress Twitter,43
123,36.85473684210526,28,0.7528421052631579,Congress Twitter,43
124,36.80421052631579,28,0.7534315789473682,Congress Twitter,43
125,36.74947368421053,28,0.7541473684210526,Congress Twitter,43
126,36.71578947368421,28,0.7540631578947367,Congress Twitter,43
127,36.64421052631579,28,0.7549052631578944,Congress Twitter,43
128,36.578947368421055,29,0.7556631578947371,Congress Twitter,43
129,36.51578947368421,29,0.7562105263157894,Congress Twitter,43
130,37.26315789473684,30,0.7568000000000003,Congress Twitter,43
131,37.20421052631579,30,0.7574315789473686,Congress Twitter,43
132,37.11157894736842,29,0.7579789473684212,Congress Twitter,43
133,37.05263157894737,29,0.7586947368421054,Congress Twitter,43
134,36.985263157894735,28,0.7589473684210526,Congress Twitter,43
135,36.95789473684211,28,0.7596210526315788,Congress Twitter,43
136,36.92421052631579,28,0.7598736842105265,Congress Twitter,43
137,36.869473684210526,28,0.7602105263157896,Congress Twitter,43
138,36.82526315789474,28,0.7609684210526316,Congress Twitter,43
139,36.77894736842105,28,0.7613473684210527,Congress Twitter,43
140,36.39368421052632,27,0.7621473684210527,Congress Twitter,43
141,36.328421052631576,27,0.7627368421052633,Congress Twitter,43
142,36.305263157894736,27,0.7631157894736843,Congress Twitter,43
143,36.28421052631579,27,0.7634526315789474,Congress Twitter,43
144,36.22105263157895,27,0.7641263157894737,Congress Twitter,43
145,36.17263157894737,27,0.7646315789473682,Congress Twitter,43
146,36.13473684210526,27,0.7650105263157895,Congress Twitter,43
147,36.107368421052634,27,0.7650526315789474,Congress Twitter,43
148,36.054736842105264,27,0.7655157894736843,Congress Twitter,43
149,36.03157894736842,27,0.765684210526316,Congress Twitter,43
150,36.305263157894736,26,0.7660631578947371,Congress Twitter,43
151,36.27578947368421,26,0.7663157894736844,Congress Twitter,43
152,36.22315789473684,26,0.7667789473684213,Congress Twitter,43
153,36.2,26,0.7670315789473686,Congress Twitter,43
154,36.15157894736842,26,0.7678315789473686,Congress Twitter,43
155,36.07578947368421,26,0.7679157894736846,Congress Twitter,43
156,36.04210526315789,26,0.7680000000000002,Congress Twitter,43
157,35.974736842105266,26,0.7683789473684216,Congress Twitter,43
158,35.94736842105263,26,0.7688421052631582,Congress Twitter,43
159,35.91368421052631,26,0.769305263157895,Congress Twitter,43
160,36.63789473684211,26,0.7693894736842108,Congress Twitter,43
161,36.60631578947368,26,0.7694736842105265,Congress Twitter,43
162,36.57052631578947,26,0.7698947368421054,Congress Twitter,43
163,36.55368421052631,26,0.7700210526315788,Congress Twitter,43
164,36.51578947368421,26,0.7700631578947369,Congress Twitter,43
165,36.49473684210526,26,0.770021052631579,Congress Twitter,43
166,36.48421052631579,26,0.7704421052631579,Congress Twitter,43
167,36.44210526315789,26,0.7704842105263158,Congress Twitter,43
168,36.40421052631579,26,0.7707789473684211,Congress Twitter,43
169,36.36842105263158,26,0.7710315789473684,Congress Twitter,43
170,36.24842105263158,26,0.7714526315789473,Congress Twitter,43
171,36.246315789473684,26,0.7717052631578946,Congress Twitter,43
172,36.1978947368421,26,0.7718736842105263,Congress Twitter,43
173,36.16842105263158,26,0.771957894736842,Congress Twitter,43
174,36.12,26,0.772378947368421,Congress Twitter,43
175,36.08631578947369,26,0.7726315789473682,Congress Twitter,43
176,36.061052631578946,26,0.7733052631578947,Congress Twitter,43
177,36.037894736842105,26,0.773178947368421,Congress Twitter,43
178,35.997894736842106,26,0.7734736842105262,Congress Twitter,43
179,35.96,26,0.7733052631578946,Congress Twitter,43
180,35.79578947368421,26,0.7733052631578946,Congress Twitter,43
181,35.770526315789475,26,0.7735999999999998,Congress Twitter,43
182,35.76631578947369,26,0.7737263157894736,Congress Twitter,43
183,35.73684210526316,26,0.7737263157894736,Congress Twitter,43
184,35.705263157894734,26,0.7739789473684209,Congress Twitter,43
185,35.68,26,0.7740631578947368,Congress Twitter,43
186,35.65684210526316,26,0.7742736842105262,Congress Twitter,43
187,35.64421052631579,26,0.7745263157894735,Congress Twitter,43
188,35.62736842105263,26,0.7749473684210525,Congress Twitter,43
189,35.60421052631579,26,0.7752421052631578,Congress Twitter,43
190,35.96631578947368,26,0.7756210526315789,Congress Twitter,43
191,35.934736842105266,26,0.7756631578947369,Congress Twitter,43
192,35.88842105263158,26,0.7761684210526316,Congress Twitter,43
193,35.846315789473685,26,0.7765052631578948,Congress Twitter,43
194,35.8378947368421,26,0.7767157894736841,Congress Twitter,43
195,35.82105263157895,26,0.7767578947368421,Congress Twitter,43
196,35.81894736842105,26,0.7770105263157895,Congress Twitter,43
197,35.810526315789474,27,0.7770947368421052,Congress Twitter,43
198,35.78736842105263,27,0.7773473684210528,Congress Twitter,43
199,35.73894736842105,27,0.7774315789473684,Congress Twitter,43
200,36.242105263157896,27,0.7778105263157896,Congress Twitter,43
1,62.58083832335329,49,0.5392814371257489,Email Manufacturing,42
2,62.41317365269461,48,0.5401197604790424,Email Manufacturing,42
3,61.946107784431135,47,0.5408383233532938,Email Manufacturing,42
4,61.544910179640716,47,0.5425149700598807,Email Manufacturing,42
5,61.10778443113772,47,0.544910179640719,Email Manufacturing,42
6,60.50898203592814,45,0.547904191616767,Email Manufacturing,42
7,60.05988023952096,45,0.5510179640718568,Email Manufacturing,42
8,59.616766467065865,39,0.5542514970059884,Email Manufacturing,42
9,59.06586826347306,39,0.5584431137724555,Email Manufacturing,42
10,58.293413173652695,39,0.5619161676646709,Email Manufacturing,42
11,57.47904191616767,38,0.5665868263473058,Email Manufacturing,42
12,57.17964071856287,38,0.5700598802395213,Email Manufacturing,42
13,56.76646706586826,38,0.5744910179640722,Email Manufacturing,42
14,56.33532934131737,38,0.5801197604790422,Email Manufacturing,42
15,55.76646706586826,38,0.5856287425149703,Email Manufacturing,42
16,55.38922155688623,38,0.5883832335329344,Email Manufacturing,42
17,54.88622754491018,38,0.5914970059880242,Email Manufacturing,42
18,54.44311377245509,34,0.5940119760479046,Email Manufacturing,42
19,53.9940119760479,35,0.5988023952095811,Email Manufacturing,42
20,53.5748502994012,35,0.6031137724550902,Email Manufacturing,42
21,53.29940119760479,34,0.6093413173652698,Email Manufacturing,42
22,52.93413173652694,34,0.6138922155688626,Email Manufacturing,42
23,52.61077844311377,34,0.6183233532934135,Email Manufacturing,42
24,52.467065868263475,34,0.6223952095808386,Email Manufacturing,42
25,52.10179640718563,34,0.6271856287425152,Email Manufacturing,42
26,51.616766467065865,34,0.6322155688622757,Email Manufacturing,42
27,51.047904191616766,34,0.6376047904191618,Email Manufacturing,42
28,50.5748502994012,34,0.6414371257485031,Email Manufacturing,42
29,50.275449101796404,34,0.6451497005988025,Email Manufacturing,42
30,49.89221556886228,33,0.6493413173652695,Email Manufacturing,42
31,49.5748502994012,32,0.6529341317365269,Email Manufacturing,42
32,49.25748502994012,32,0.6560479041916168,Email Manufacturing,42
33,49.0059880239521,32,0.6577245508982037,Email Manufacturing,42
34,48.67664670658683,32,0.6608383233532935,Email Manufacturing,42
35,48.58682634730539,32,0.6637125748502994,Email Manufacturing,42
36,48.31137724550898,32,0.6674251497005987,Email Manufacturing,42
37,48.24550898203593,32,0.6710179640718562,Email Manufacturing,42
38,48.1437125748503,32,0.6753293413173652,Email Manufacturing,42
39,47.88622754491018,30,0.6791616766467066,Email Manufacturing,42
40,47.946107784431135,30,0.681556886227545,Email Manufacturing,42
41,47.78443113772455,30,0.6845508982035927,Email Manufacturing,42
42,47.622754491017965,30,0.6877844311377246,Email Manufacturing,42
43,47.43712574850299,30,0.6907784431137725,Email Manufacturing,42
44,47.137724550898206,30,0.6948502994011976,Email Manufacturing,42
45,46.8502994011976,27,0.6976047904191616,Email Manufacturing,42
46,46.7185628742515,27,0.698802395209581,Email Manufacturing,42
47,46.550898203592816,27,0.6997604790419162,Email Manufacturing,42
48,46.37125748502994,27,0.701556886227545,Email Manufacturing,42
49,46.21556886227545,27,0.7021556886227546,Email Manufacturing,42
50,46.203592814371255,27,0.7028742514970062,Email Manufacturing,42
51,46.06586826347306,27,0.7043113772455092,Email Manufacturing,42
52,45.89820359281437,27,0.7063473053892215,Email Manufacturing,42
53,45.65269461077844,27,0.7098203592814373,Email Manufacturing,42
54,45.47904191616767,27,0.7123353293413175,Email Manufacturing,42
55,45.34131736526946,27,0.7138922155688623,Email Manufacturing,42
56,45.203592814371255,27,0.7149700598802395,Email Manufacturing,42
57,44.91017964071856,27,0.7171257485029942,Email Manufacturing,42
58,44.616766467065865,27,0.7192814371257485,Email Manufacturing,42
59,44.33532934131737,27,0.7214371257485029,Email Manufacturing,42
60,44.58682634730539,27,0.7226347305389221,Email Manufacturing,42
61,44.55688622754491,27,0.7231137724550898,Email Manufacturing,42
62,44.47904191616767,27,0.7239520958083832,Email Manufacturing,42
63,44.35329341317365,27,0.7249101796407185,Email Manufacturing,42
64,44.26347305389221,27,0.7261077844311379,Email Manufacturing,42
65,44.10778443113772,27,0.7270658682634732,Email Manufacturing,42
66,43.92814371257485,27,0.7282634730538924,Email Manufacturing,42
67,43.76047904191617,27,0.7293413173652696,Email Manufacturing,42
68,43.712574850299404,27,0.7308982035928143,Email Manufacturing,42
69,43.61077844311377,27,0.7318562874251497,Email Manufacturing,42
70,43.81437125748503,27,0.7324550898203593,Email Manufacturing,42
71,43.7185628742515,27,0.7331736526946108,Email Manufacturing,42
72,43.604790419161674,27,0.73437125748503,Email Manufacturing,42
73,43.40119760479042,27,0.7358083832335329,Email Manufacturing,42
74,43.18562874251497,27,0.737005988023952,Email Manufacturing,42
75,42.91017964071856,27,0.738682634730539,Email Manufacturing,42
76,42.66467065868263,27,0.7404790419161678,Email Manufacturing,42
77,42.52694610778443,27,0.7419161676646708,Email Manufacturing,42
78,42.4311377245509,27,0.7429940119760481,Email Manufacturing,42
79,42.21556886227545,26,0.7445508982035928,Email Manufacturing,42
80,42.47904191616767,27,0.7455089820359282,Email Manufacturing,42
81,42.31736526946108,27,0.7476646706586826,Email Manufacturing,42
82,42.17964071856287,27,0.7494610778443114,Email Manufacturing,42
83,42.08383233532934,27,0.7502994011976049,Email Manufacturing,42
84,42.041916167664674,27,0.7508982035928145,Email Manufacturing,42
85,41.97604790419162,27,0.751616766467066,Email Manufacturing,42
86,41.92215568862275,27,0.7518562874251498,Email Manufacturing,42
87,41.90419161676647,27,0.7522155688622756,Email Manufacturing,42
88,41.83233532934132,27,0.7524550898203592,Email Manufacturing,42
89,41.74850299401198,27,0.7532934131736527,Email Manufacturing,42
90,41.31736526946108,27,0.7537724550898204,Email Manufacturing,42
91,41.21556886227545,27,0.7544910179640719,Email Manufacturing,42
92,41.07784431137725,27,0.755808383233533,Email Manufacturing,42
93,40.83832335329341,25,0.7580838323353295,Email Manufacturing,42
94,40.58682634730539,25,0.7601197604790422,Email Manufacturing,42
95,40.31736526946108,25,0.762874251497006,Email Manufacturing,42
96,40.137724550898206,25,0.7643113772455089,Email Manufacturing,42
97,40.02395209580838,25,0.7653892215568863,Email Manufacturing,42
98,39.89221556886228,25,0.7664670658682635,Email Manufacturing,42
99,39.84431137724551,25,0.7663473053892217,Email Manufacturing,42
100,40.35928143712575,26,0.767185628742515,Email Manufacturing,42
101,40.17365269461078,26,0.7675449101796409,Email Manufacturing,42
102,39.952095808383234,24,0.7705389221556885,Email Manufacturing,42
103,39.70059880239521,24,0.7738922155688622,Email Manufacturing,42
104,39.56287425149701,24,0.775808383233533,Email Manufacturing,42
105,39.4251497005988,24,0.7773652694610779,Email Manufacturing,42
106,39.38922155688623,24,0.7780838323353294,Email Manufacturing,42
107,39.35928143712575,24,0.7784431137724552,Email Manufacturing,42
108,39.32335329341317,24,0.7784431137724552,Email Manufacturing,42
109,39.24550898203593,24,0.7785628742514971,Email Manufacturing,42
110,39.66467065868263,25,0.7785628742514971,Email Manufacturing,42
111,39.59880239520958,25,0.7778443113772455,Email Manufacturing,42
112,39.532934131736525,25,0.778443113772455,Email Manufacturing,42
113,39.48502994011976,25,0.7788023952095808,Email Manufacturing,42
114,39.455089820359284,25,0.7788023952095808,Email Manufacturing,42
115,39.4251497005988,25,0.7794011976047905,Email Manufacturing,42
116,39.40718562874252,25,0.7795209580838324,Email Manufacturing,42
117,39.40119760479042,25,0.7800000000000001,Email Manufacturing,42
118,39.37125748502994,25,0.7804790419161678,Email Manufacturing,42
119,39.31736526946108,25,0.7808383233532936,Email Manufacturing,42
120,39.80239520958084,26,0.7809580838323354,Email Manufacturing,42
121,39.78443113772455,26,0.7813173652694613,Email Manufacturing,42
122,39.76646706586826,26,0.781676646706587,Email Manufacturing,42
123,39.69461077844311,26,0.7819161676646708,Email Manufacturing,42
124,39.65868263473054,26,0.7821556886227546,Email Manufacturing,42
125,39.634730538922156,26,0.7821556886227546,Email Manufacturing,42
126,39.64071856287425,26,0.7822754491017966,Email Manufacturing,42
127,39.622754491017965,26,0.7825149700598805,Email Manufacturing,42
128,39.61077844311377,26,0.7827544910179642,Email Manufacturing,42
129,39.59880239520958,26,0.7828742514970063,Email Manufacturing,42
130,40.22754491017964,27,0.783353293413174,Email Manufacturing,42
131,40.18562874251497,27,0.7838323353293414,Email Manufacturing,42
132,40.17365269461078,27,0.7838323353293414,Email Manufacturing,42
133,40.119760479041915,27,0.784311377245509,Email Manufacturing,42
134,40.09580838323353,27,0.784311377245509,Email Manufacturing,42
135,40.07185628742515,27,0.7844311377245511,Email Manufacturing,42
136,40.05988023952096,27,0.7847904191616769,Email Manufacturing,42
137,40.035928143712574,27,0.7847904191616769,Email Manufacturing,42
138,40.053892215568865,27,0.7843113772455093,Email Manufacturing,42
139,40.07784431137725,27,0.7835928143712577,Email Manufacturing,42
140,40.11377245508982,27,0.7835928143712577,Email Manufacturing,42
141,40.05988023952096,27,0.7829940119760481,Email Manufacturing,42
142,39.946107784431135,27,0.7839520958083834,Email Manufacturing,42
143,39.76646706586826,27,0.7846706586826349,Email Manufacturing,42
144,39.604790419161674,27,0.785868263473054,Email Manufacturing,42
145,39.52694610778443,27,0.7864670658682635,Email Manufacturing,42
146,39.44311377245509,27,0.7867065868263475,Email Manufacturing,42
147,39.38922155688623,27,0.7871856287425152,Email Manufacturing,42
148,39.31736526946108,27,0.7870658682634734,Email Manufacturing,42
149,39.29940119760479,27,0.7871856287425152,Email Manufacturing,42
150,39.467065868263475,26,0.7870658682634734,Email Manufacturing,42
151,39.467065868263475,26,0.7869461077844313,Email Manufacturing,42
152,39.455089820359284,26,0.7867065868263475,Email Manufacturing,42
153,39.4251497005988,26,0.7870658682634734,Email Manufacturing,42
154,39.40119760479042,26,0.787305389221557,Email Manufacturing,42
155,39.37125748502994,26,0.787425149700599,Email Manufacturing,42
156,39.35928143712575,26,0.7875449101796409,Email Manufacturing,42
157,39.35329341317365,26,0.7875449101796409,Email Manufacturing,42
158,39.34730538922156,26,0.7876646706586828,Email Manufacturing,42
159,39.30538922155689,26,0.7881437125748505,Email Manufacturing,42
160,39.8502994011976,26,0.7893413173652697,Email Manufacturing,42
161,39.796407185628745,26,0.7904191616766469,Email Manufacturing,42
162,39.69461077844311,26,0.7920958083832338,Email Manufacturing,42
163,39.64670658682635,26,0.7929341317365273,Email Manufacturing,42
164,39.622754491017965,26,0.7934131736526949,Email Manufacturing,42
165,39.622754491017965,26,0.7934131736526949,Email Manufacturing,42
166,39.58083832335329,26,0.7935329341317368,Email Manufacturing,42
167,39.550898203592816,26,0.7938922155688626,Email Manufacturing,42
168,39.538922155688624,26,0.7940119760479044,Email Manufacturing,42
169,39.50898203592814,26,0.7943712574850301,Email Manufacturing,42
170,39.47904191616767,25,0.7942514970059882,Email Manufacturing,42
171,39.47904191616767,25,0.7942514970059882,Email Manufacturing,42
172,39.47904191616767,25,0.7942514970059882,Email Manufacturing,42
173,39.47904191616767,25,0.7942514970059882,Email Manufacturing,42
174,39.47904191616767,25,0.7943712574850302,Email Manufacturing,42
175,39.47305389221557,25,0.7944910179640721,Email Manufacturing,42
176,39.449101796407184,25,0.7948502994011979,Email Manufacturing,42
177,39.41317365269461,25,0.7952095808383235,Email Manufacturing,42
178,39.38922155688623,25,0.7950898203592816,Email Manufacturing,42
179,39.34730538922156,25,0.7954491017964074,Email Manufacturing,42
180,39.32934131736527,25,0.7955688622754493,Email Manufacturing,42
181,39.32335329341317,25,0.7956886227544913,Email Manufacturing,42
182,39.24550898203593,25,0.7952095808383234,Email Manufacturing,42
183,39.119760479041915,25,0.7948502994011978,Email Manufacturing,42
184,38.97604790419162,25,0.7948502994011979,Email Manufacturing,42
185,38.92814371257485,25,0.796047904191617,Email Manufacturing,42
186,38.82634730538922,25,0.7973652694610781,Email Manufacturing,42
187,38.69461077844311,25,0.7986826347305391,Email Manufacturing,42
188,38.64670658682635,25,0.7994011976047907,Email Manufacturing,42
189,38.59880239520958,25,0.8000000000000002,Email Manufacturing,42
190,38.5748502994012,25,0.8000000000000002,Email Manufacturing,42
191,38.52095808383233,25,0.8009580838323355,Email Manufacturing,42
192,38.4311377245509,24,0.8020359281437127,Email Manufacturing,42
193,38.37125748502994,24,0.8029940119760481,Email Manufacturing,42
194,38.35928143712575,24,0.8032335329341319,Email Manufacturing,42
195,38.32335329341317,24,0.8039520958083832,Email Manufacturing,42
196,38.24550898203593,24,0.8047904191616769,Email Manufacturing,42
197,38.209580838323355,24,0.8055089820359284,Email Manufacturing,42
198,38.19760479041916,24,0.8061077844311378,Email Manufacturing,42
199,38.16766467065868,24,0.8067065868263475,Email Manufacturing,42
200,38.32934131736527,24,0.8070658682634732,Email Manufacturing,42
1,63.55688622754491,43,0.5299401197604794,Email Manufacturing,43
2,63.538922155688624,43,0.5300598802395214,Email Manufacturing,43
3,63.50299401197605,43,0.530538922155689,Email Manufacturing,43
4,63.455089820359284,42,0.5311377245508986,Email Manufacturing,43
5,63.35928143712575,44,0.5329341317365274,Email Manufacturing,43
6,63.203592814371255,44,0.5352095808383237,Email Manufacturing,43
7,63.0059880239521,44,0.537724550898204,Email Manufacturing,43
8,62.73652694610779,45,0.5390419161676652,Email Manufacturing,43
9,62.41916167664671,45,0.5408383233532938,Email Manufacturing,43
10,61.97604790419162,46,0.5446706586826352,Email Manufacturing,43
11,61.43712574850299,45,0.5497005988023956,Email Manufacturing,43
12,61.07185628742515,43,0.5546107784431142,Email Manufacturing,43
13,60.74850299401198,44,0.5574850299401202,Email Manufacturing,43
14,60.34131736526946,43,0.5626347305389225,Email Manufacturing,43
15,60.119760479041915,42,0.5662275449101801,Email Manufacturing,43
16,59.89820359281437,43,0.5704191616766472,Email Manufacturing,43
17,59.68263473053892,43,0.5734131736526951,Email Manufacturing,43
18,59.383233532934135,43,0.5759281437125752,Email Manufacturing,43
19,58.9940119760479,41,0.5797604790419166,Email Manufacturing,43
20,58.56287425149701,40,0.5829940119760484,Email Manufacturing,43
21,58.05988023952096,40,0.587664670658683,Email Manufacturing,43
22,57.34730538922156,41,0.5934131736526951,Email Manufacturing,43
23,56.724550898203596,38,0.6001197604790423,Email Manufacturing,43
24,56.203592814371255,38,0.604790419161677,Email Manufacturing,43
25,55.616766467065865,37,0.6095808383233536,Email Manufacturing,43
26,55.16167664670659,37,0.6124550898203596,Email Manufacturing,43
27,54.76646706586826,37,0.6158083832335333,Email Manufacturing,43
28,54.33532934131737,37,0.6192814371257487,Email Manufacturing,43
29,53.92814371257485,37,0.6228742514970063,Email Manufacturing,43
30,53.64670658682635,37,0.62622754491018,Email Manufacturing,43
31,53.209580838323355,37,0.630419161676647,Email Manufacturing,43
32,52.97604790419162,37,0.6308982035928146,Email Manufacturing,43
33,52.65868263473054,35,0.6320958083832336,Email Manufacturing,43
34,52.461077844311376,35,0.6335329341317368,Email Manufacturing,43
35,52.17964071856287,34,0.6352095808383236,Email Manufacturing,43
36,51.97604790419162,34,0.6367664670658685,Email Manufacturing,43
37,51.706586826347305,34,0.6388023952095812,Email Manufacturing,43
38,51.51497005988024,33,0.6400000000000005,Email Manufacturing,43
39,51.35329341317365,33,0.6405988023952099,Email Manufacturing,43
40,51.035928143712574,33,0.6425149700598806,Email Manufacturing,43
41,50.78443113772455,33,0.6446706586826351,Email Manufacturing,43
42,50.67664670658683,33,0.64622754491018,Email Manufacturing,43
43,50.455089820359284,33,0.6482634730538925,Email Manufacturing,43
44,50.119760479041915,33,0.6512574850299403,Email Manufacturing,43
45,49.964071856287426,33,0.6535329341317369,Email Manufacturing,43
46,49.52694610778443,33,0.6570059880239524,Email Manufacturing,43
47,49.221556886227546,30,0.6595209580838328,Email Manufacturing,43
48,48.97005988023952,30,0.6619161676646711,Email Manufacturing,43
49,48.76646706586826,30,0.6638323353293417,Email Manufacturing,43
50,48.395209580838326,30,0.6652694610778447,Email Manufacturing,43
51,48.23353293413174,30,0.6664670658682639,Email Manufacturing,43
52,48.07185628742515,30,0.6669461077844315,Email Manufacturing,43
53,47.868263473053894,30,0.6671856287425153,Email Manufacturing,43
54,47.83233532934132,30,0.6665868263473057,Email Manufacturing,43
55,47.67664670658683,30,0.6662275449101799,Email Manufacturing,43
56,47.59880239520958,30,0.6661077844311378,Email Manufacturing,43
57,47.38922155688623,30,0.6665868263473057,Email Manufacturing,43
58,47.32335329341317,30,0.6655089820359283,Email Manufacturing,43
59,47.25149700598802,30,0.6651497005988027,Email Manufacturing,43
60,47.4251497005988,30,0.6664670658682637,Email Manufacturing,43
61,47.09580838323353,30,0.66874251497006,Email Manufacturing,43
62,46.796407185628745,30,0.6719760479041917,Email Manufacturing,43
63,46.604790419161674,29,0.6731736526946108,Email Manufacturing,43
64,46.467065868263475,29,0.6754491017964074,Email Manufacturing,43
65,46.33532934131737,29,0.675928143712575,Email Manufacturing,43
66,46.275449101796404,29,0.6761676646706589,Email Manufacturing,43
67,45.97604790419162,29,0.6777245508982037,Email Manufacturing,43
68,45.84431137724551,29,0.6790419161676648,Email Manufacturing,43
69,45.78443113772455,29,0.6798802395209581,Email Manufacturing,43
70,45.808383233532936,29,0.6809580838323355,Email Manufacturing,43
71,45.68862275449102,29,0.6814371257485031,Email Manufacturing,43
72,45.59880239520958,29,0.6813173652694612,Email Manufacturing,43
73,45.51497005988024,29,0.6821556886227544,Email Manufacturing,43
74,45.4311377245509,28,0.6832335329341319,Email Manufacturing,43
75,45.29940119760479,28,0.685748502994012,Email Manufacturing,43
76,45.18562874251497,28,0.6881437125748505,Email Manufacturing,43
77,44.98802395209581,28,0.6908982035928146,Email Manufacturing,43
78,44.83832335329341,28,0.6932934131736528,Email Manufacturing,43
79,44.70059880239521,25,0.6952095808383234,Email Manufacturing,43
80,44.65868263473054,23,0.6984431137724552,Email Manufacturing,43
81,44.40119760479042,23,0.7007185628742516,Email Manufacturing,43
82,44.33532934131737,23,0.7011976047904193,Email Manufacturing,43
83,44.10778443113772,23,0.7033532934131739,Email Manufacturing,43
84,43.946107784431135,23,0.7057485029940122,Email Manufacturing,43
85,43.796407185628745,23,0.7069461077844312,Email Manufacturing,43
86,43.622754491017965,23,0.7082634730538921,Email Manufacturing,43
87,43.4311377245509,23,0.7094610778443114,Email Manufacturing,43
88,43.2814371257485,23,0.7106586826347306,Email Manufacturing,43
89,43.08982035928144,23,0.7117365269461078,Email Manufacturing,43
90,43.1437125748503,23,0.7128143712574849,Email Manufacturing,43
91,42.98203592814371,23,0.7129341317365271,Email Manufacturing,43
92,42.880239520958085,23,0.7130538922155689,Email Manufacturing,43
93,42.81437125748503,23,0.7136526946107784,Email Manufacturing,43
94,42.73652694610779,23,0.7130538922155689,Email Manufacturing,43
95,42.604790419161674,23,0.7143712574850299,Email Manufacturing,43
96,42.467065868263475,23,0.7158083832335329,Email Manufacturing,43
97,42.33532934131737,23,0.7174850299401198,Email Manufacturing,43
98,42.26347305389221,23,0.7182035928143711,Email Manufacturing,43
99,42.21556886227545,23,0.7188023952095807,Email Manufacturing,43
100,42.365269461077844,24,0.7192814371257483,Email Manufacturing,43
101,42.30538922155689,24,0.7199999999999999,Email Manufacturing,43
102,42.26946107784431,24,0.7203592814371257,Email Manufacturing,43
103,42.137724550898206,24,0.7210778443113771,Email Manufacturing,43
104,41.94011976047904,24,0.7203592814371257,Email Manufacturing,43
105,41.796407185628745,24,0.719760479041916,Email Manufacturing,43
106,41.65868263473054,24,0.7204790419161675,Email Manufacturing,43
107,41.58682634730539,24,0.7211976047904191,Email Manufacturing,43
108,41.56287425149701,24,0.7210778443113773,Email Manufacturing,43
109,41.449101796407184,24,0.7217964071856287,Email Manufacturing,43
110,41.48502994011976,25,0.7222754491017964,Email Manufacturing,43
111,41.37125748502994,25,0.722994011976048,Email Manufacturing,43
112,41.29940119760479,25,0.7238323353293414,Email Manufacturing,43
113,41.23952095808383,25,0.7240718562874252,Email Manufacturing,43
114,41.221556886227546,25,0.724191616766467,Email Manufacturing,43
115,41.18562874251497,25,0.7246706586826348,Email Manufacturing,43
116,41.10778443113772,25,0.7252694610778444,Email Manufacturing,43
117,41.06586826347306,25,0.7252694610778444,Email Manufacturing,43
118,41.02994011976048,25,0.7256287425149702,Email Manufacturing,43
119,40.98203592814371,25,0.7257485029940122,Email Manufacturing,43
120,41.131736526946106,24,0.7250299401197605,Email Manufacturing,43
121,41.053892215568865,24,0.7233532934131738,Email Manufacturing,43
122,40.98203592814371,24,0.7226347305389225,Email Manufacturing,43
123,40.94011976047904,24,0.7225149700598804,Email Manufacturing,43
124,40.91017964071856,24,0.7226347305389225,Email Manufacturing,43
125,40.92215568862275,24,0.7223952095808385,Email Manufacturing,43
126,40.92814371257485,24,0.7222754491017966,Email Manufacturing,43
127,40.874251497005986,24,0.7220359281437128,Email Manufacturing,43
128,40.83832335329341,24,0.7221556886227546,Email Manufacturing,43
129,40.790419161676645,24,0.7221556886227547,Email Manufacturing,43
130,40.17365269461078,23,0.7221556886227546,Email Manufacturing,43
131,40.125748502994014,23,0.7225149700598804,Email Manufacturing,43
132,40.06586826347306,23,0.7226347305389225,Email Manufacturing,43
133,40.02994011976048,23,0.7228742514970062,Email Manufacturing,43
134,39.98802395209581,23,0.7225149700598804,Email Manufacturing,43
135,39.92814371257485,23,0.721796407185629,Email Manufacturing,43
136,39.81437125748503,23,0.7200000000000003,Email Manufacturing,43
137,39.75449101796407,23,0.7191616766467068,Email Manufacturing,43
138,39.68263473053892,23,0.7186826347305392,Email Manufacturing,43
139,39.67065868263473,23,0.7188023952095811,Email Manufacturing,43
140,40.01197604790419,24,0.7186826347305392,Email Manufacturing,43
141,39.98802395209581,24,0.7188023952095811,Email Manufacturing,43
142,39.97005988023952,24,0.7189221556886229,Email Manufacturing,43
143,39.91017964071856,24,0.719041916167665,Email Manufacturing,43
144,39.874251497005986,24,0.7192814371257488,Email Manufacturing,43
145,39.8502994011976,24,0.7196407185628746,Email Manufacturing,43
146,39.83832335329341,24,0.7198802395209583,Email Manufacturing,43
147,39.82634730538922,24,0.7200000000000004,Email Manufacturing,43
148,39.796407185628745,24,0.7200000000000003,Email Manufacturing,43
149,39.7185628742515,24,0.7203592814371259,Email Manufacturing,43
150,39.125748502994014,25,0.7203592814371262,Email Manufacturing,43
151,39.07784431137725,25,0.7188023952095812,Email Manufacturing,43
152,39.07185628742515,25,0.7160479041916171,Email Manufacturing,43
153,38.964071856287426,25,0.7144910179640723,Email Manufacturing,43
154,38.97604790419162,25,0.713293413173653,Email Manufacturing,43
155,38.97005988023952,25,0.7112574850299405,Email Manufacturing,43
156,38.862275449101794,25,0.7098203592814373,Email Manufacturing,43
157,38.89221556886228,25,0.7119760479041919,Email Manufacturing,43
158,38.82634730538922,25,0.7130538922155693,Email Manufacturing,43
159,38.808383233532936,25,0.7134131736526949,Email Manufacturing,43
160,39.275449101796404,26,0.7137724550898207,Email Manufacturing,43
161,39.32335329341317,26,0.7146107784431142,Email Manufacturing,43
162,39.33532934131737,26,0.7149700598802399,Email Manufacturing,43
163,39.30538922155689,25,0.7155688622754494,Email Manufacturing,43
164,39.31137724550898,25,0.7160479041916171,Email Manufacturing,43
165,39.31137724550898,25,0.7160479041916171,Email Manufacturing,43
166,39.31137724550898,25,0.7159281437125752,Email Manufacturing,43
167,39.29940119760479,25,0.7159281437125752,Email Manufacturing,43
168,39.287425149700596,25,0.7161676646706588,Email Manufacturing,43
169,39.2814371257485,25,0.7164071856287427,Email Manufacturing,43
170,39.461077844311376,26,0.7162874251497009,Email Manufacturing,43
171,39.461077844311376,26,0.7162874251497009,Email Manufacturing,43
172,39.44311377245509,26,0.7161676646706588,Email Manufacturing,43
173,39.44311377245509,26,0.7160479041916169,Email Manufacturing,43
174,39.43712574850299,26,0.7159281437125751,Email Manufacturing,43
175,39.4311377245509,26,0.7158083832335332,Email Manufacturing,43
176,39.41916167664671,26,0.7160479041916169,Email Manufacturing,43
177,39.41916167664671,26,0.7160479041916169,Email Manufacturing,43
178,39.377245508982035,26,0.716047904191617,Email Manufacturing,43
179,39.377245508982035,26,0.716047904191617,Email Manufacturing,43
180,38.874251497005986,25,0.716167664670659,Email Manufacturing,43
181,38.81437125748503,25,0.7164071856287427,Email Manufacturing,43
182,38.82035928143713,25,0.7166467065868265,Email Manufacturing,43
183,38.790419161676645,25,0.7166467065868267,Email Manufacturing,43
184,38.78443113772455,25,0.7166467065868267,Email Manufacturing,43
185,38.78443113772455,25,0.7166467065868267,Email Manufacturing,43
186,38.77245508982036,25,0.7167664670658687,Email Manufacturing,43
187,38.77245508982036,25,0.7168862275449105,Email Manufacturing,43
188,38.77245508982036,25,0.7172455089820363,Email Manufacturing,43
189,38.77245508982036,25,0.7174850299401201,Email Manufacturing,43
190,39.07784431137725,26,0.7173652694610781,Email Manufacturing,43
191,39.02994011976048,26,0.717604790419162,Email Manufacturing,43
192,39.02395209580838,26,0.7177245508982039,Email Manufacturing,43
193,39.0,26,0.7178443113772458,Email Manufacturing,43
194,39.0,26,0.7179640718562879,Email Manufacturing,43
195,39.0059880239521,26,0.7178443113772459,Email Manufacturing,43
196,39.0059880239521,26,0.717724550898204,Email Manufacturing,43
197,38.98802395209581,26,0.717604790419162,Email Manufacturing,43
198,38.98203592814371,26,0.717724550898204,Email Manufacturing,43
199,38.97005988023952,26,0.7177245508982039,Email Manufacturing,43
200,39.58682634730539,27,0.7178443113772458,Email Manufacturing,43
